metacountry;metacountry_label;country;start_precision;start;end_precision;end;;;;
Metastate_Q262;Алжир;Q588672;2;1.01.1014;2;1.01.1152;;;;
Metastate_Q262;Алжир;Q17030701;2;1.01.1235;2;1.01.1554;;;;
Metastate_Q262;Алжир;Q3045696;2;1.01.1515;2;1.01.1830;;;;
Metastate_Q262;Алжир;Q218272;2;1.01.1830;2;1.01.1962;;;;
Metastate_Q262;Алжир;Q262;2;1.01.1962;;по наст. время;;;;
Metastate_Q916;Ангола;Q2826232;2;1.01.1575;2;1.01.1975;;;;
Metastate_Q916;Ангола;Q2208280;2;1.01.1975;2;1.01.1992;;;;
Metastate_Q916;Ангола;Q916;2;1.01.1992;;по наст. время;;;;
Metastate_Q962;Бенин;Q468814;3;1.01.1600;2;1.01.1904;;;;
Metastate_Q962;Бенин;Q797505;2;1.01.1904;2;1.01.1958;;;;
Metastate_Q962;Бенин;Q798431;2;1.01.1958;2;1.01.1975;;;;
Metastate_Q962;Бенин;Q862701;2;1.01.1975;2;1.01.1990;;;;
Metastate_Q962;Бенин;Q962;2;1.01.1990;;по наст. время;;;;
Metastate_Q963;Ботсвана;Q747314;2;1.01.1885;2;1.01.1966;;;;
Metastate_Q963;Ботсвана;Q963;2;1.01.1966;;по наст. время;;;;
Metastate_Q965;Буркина-Фасо;Q797440;2;1.01.1919;2;1.01.1958;;;;
Metastate_Q965;Буркина-Фасо;Q797422;2;1.01.1958;2;1.01.1984;;;;
Metastate_Q965;Буркина-Фасо;Q965;2;1.01.1984;;по наст. время;;;;
Metastate_Q967;Бурунди;Q1192936;4;1.01.1601;2;1.01.1890;;;;
Metastate_Q967;Бурунди;Q153963;2;1.01.1891;2;1.01.1919;;;;
Metastate_Q967;Бурунди;Q590743;2;1.01.1922;2;1.01.1962;;;;
Metastate_Q967;Бурунди;Q1192936;2;1.01.1962;2;1.01.1966;;;;
Metastate_Q967;Бурунди;Q967;2;1.01.1966;;по наст. время;;;;
Metastate_Q1009;Камерун;Q668294;2;1.01.1884;2;1.01.1916;;;;
Metastate_Q1009;Камерун;Q1028848;2;1.01.1918;2;1.01.1960;;;;
Metastate_Q1009;Камерун;Q1028835;2;1.01.1922;2;1.01.1961;;;;
Metastate_Q1009;Камерун;Q1009;2;1.01.1961;;по наст. время;;;;
Metastate_Q1011;Кабо-Верде;Q3023340;2;1.01.1462;2;1.01.1975;;;;
Metastate_Q1011;Кабо-Верде;Q1011;2;1.01.1975;;по наст. время;;;;
Metastate_Q929;Центральноафриканская Республика;Q1421888;2;1.01.1903;2;1.01.1958;;;;
Metastate_Q929;Центральноафриканская Республика;Q929;2;1.01.1958;2;1.01.1976;;;;
Metastate_Q929;Центральноафриканская Республика;Q189988;2;1.01.1976;2;1.01.1979;;;;
Metastate_Q929;Центральноафриканская Республика;Q929;2;1.01.1979;;по наст. время;;;;
Metastate_Q657;Чад;Q5501708;2;1.01.1900;2;1.01.1960;;;;
Metastate_Q657;Чад;Q657;2;1.01.1960;;по наст. время;;;;
Metastate_Q970;Коморы;Q15279062;2;1.01.1912;2;1.01.1975;;;;
Metastate_Q970;Коморы;Q16685842;2;1.01.1975;2;1.01.1978;;;;
Metastate_Q970;Коморы;Q16674377;2;1.01.1978;2;1.01.2001;;;;
Metastate_Q970;Коморы;Q970;2;1.01.2001;;по наст. время;;;;
Metastate_Q971;Республика Конго;Q796583;2;1.01.1390;2;1.01.1882;;;;
Metastate_Q971;Республика Конго;Q265319;2;1.01.1882;2;1.01.1960;;;;
Metastate_Q971;Республика Конго;Q971;2;1.01.1958;2;1.01.1969;;;;
Metastate_Q971;Республика Конго;Q1152126;2;1.01.1969;2;1.01.1992;;;;
Metastate_Q971;Республика Конго;Q971;2;1.01.1992;;по наст. время;;;;
Metastate_Q974;Демократическая Республика Конго;Q796583;2;1.01.1390;2;1.01.1877;;;;
Metastate_Q974;Демократическая Республика Конго;Q76048;2;1.01.1877;2;1.01.1908;;;;
Metastate_Q974;Демократическая Республика Конго;Q213510;2;1.01.1908;2;1.01.1960;;;;
Metastate_Q974;Демократическая Республика Конго;Q618399;2;1.01.1960;2;1.01.1971;;;;
Metastate_Q974;Демократическая Республика Конго;Q6500954;2;1.01.1971;2;1.01.1997;;;;
Metastate_Q974;Демократическая Республика Конго;Q974;2;1.01.1997;;по наст. время;;;;
Metastate_Q1008;Кот-д’Ивуар;Q210682;2;1.01.1893;2;1.01.1960;;;;
Metastate_Q1008;Кот-д’Ивуар;Q1008;2;1.01.1960;;по наст. время;;;;
Metastate_Q977;Джибути;Q2365048;2;1.01.1415;2;1.01.1577;;;;
Metastate_Q977;Джибути;Q333126;2;1.01.1896;2;1.01.1967;;;;
Metastate_Q977;Джибути;Q1450765;2;1.01.1967;2;1.01.1977;;;;
Metastate_Q977;Джибути;Q977;2;1.01.1977;;по наст. время;;;;
Metastate_Q79;Египет;Q187979;3;-1.01.3150;3;-1.01.2686;;;;
Metastate_Q79;Египет;Q177819;3;-1.01.2686;3;-1.01.2181;;;;
Metastate_Q79;Египет;Q232211;3;-1.01.2181;3;-1.01.2055;;;;
Metastate_Q79;Египет;Q191324;3;-1.01.2055;3;-1.01.1650;;;;
Metastate_Q79;Египет;Q206715;3;-1.01.1650;3;-1.01.1550;;;;
Metastate_Q79;Египет;Q180568;3;-1.01.1550;3;-1.01.1069;;;;
Metastate_Q79;Египет;Q212728;3;-1.01.1069;3;-1.01.664;;;;
Metastate_Q79;Египет;Q621917;3;-1.01.664;3;-1.01.332;;;;
Metastate_Q79;Египет;Q2320005;3;-1.01.332;2;-1.01.30;;;;
Metastate_Q79;Египет;Q202311;2;-1.01.30;2;1.01.619;;;;
Metastate_Q79;Египет;Q20987778;2;1.01.618;2;1.01.628;;;;
Metastate_Q79;Египет;Q202311;2;1.01.628;2;1.01.641;;;;
Metastate_Q79;Египет;Q12490507;2;1.01.641;2;1.01.661;;;;
Metastate_Q79;Египет;Q8575586;2;1.01.661;2;1.01.750;;;;
Metastate_Q79;Египет;Q12536;2;1.01.750;2;1.01.935;;;;
Metastate_Q79;Египет;Q4147013;2;1.01.868;2;1.01.905;;;;
Metastate_Q79;Египет;Q828665;2;1.01.935;2;1.01.969;;;;
Metastate_Q79;Египет;Q160307;2;1.01.969;2;1.01.1171;;;;
Metastate_Q79;Египет;Q180114;2;1.01.1171;2;1.01.1260;;;;
Metastate_Q79;Египет;Q282428;2;1.01.1250;2;1.01.1517;;;;
Metastate_Q79;Египет;Q12560;2;1.01.1517;2;1.01.1867;;;;
Metastate_Q79;Египет;Q127861;2;1.01.1867;2;1.01.1914;;;;
Metastate_Q79;Египет;Q370173;2;1.01.1914;2;1.01.1922;;;;
Metastate_Q79;Египет;Q124943;2;1.01.1922;2;1.01.1953;;;;
Metastate_Q79;Египет;Q79;2;1.01.1953;2;1.01.1958;;;;
Metastate_Q79;Египет;Q170468;2;1.01.1958;2;1.01.1972;;;;
Metastate_Q79;Египет;Q79;2;1.01.1972;;по наст. время;;;;
Metastate_Q983;Экваториальная Гвинея;Q1232509;2;1.01.1778;2;1.01.1968;;;;
Metastate_Q983;Экваториальная Гвинея;Q983;2;1.01.1968;;по наст. время;;;;
Metastate_Q986;Эритрея;Q1232988;2;1.01.1890;2;1.01.1936;;;;
Metastate_Q986;Эритрея;Q328478;2;1.01.1936;2;1.01.1941;;;;
Metastate_Q986;Эритрея;Q174193;2;1.01.1942;2;1.01.1952;;;;
Metastate_Q986;Эритрея;Q2603305;2;1.01.1952;2;1.01.1962;;;;
Metastate_Q986;Эритрея;Q14645015;2;1.01.1962;2;1.01.1993;;;;
Metastate_Q986;Эритрея;Q986;2;1.01.1993;;по наст. время;;;;
Metastate_Q1050;Эсватини;Q21815946;2;1.01.1906;2;1.01.1968;;;;
Metastate_Q1050;Эсватини;Q1050;2;1.01.1968;;по наст. время;;;;
Metastate_Q115;Эфиопия;Q139377;3;1.01.100;3;1.01.900;;;;
Metastate_Q115;Эфиопия;Q140446;2;1.01.900;2;1.01.1270;;;;
Metastate_Q115;Эфиопия;Q207521;2;1.01.1270;2;1.01.1974;;;;
Metastate_Q115;Эфиопия;Q328478;2;1.01.1936;2;1.01.1941;;;;
Metastate_Q115;Эфиопия;Q828005;2;1.01.1974;2;1.01.1987;;;;
Metastate_Q115;Эфиопия;Q940821;2;1.01.1987;2;1.01.1991;;;;
Metastate_Q115;Эфиопия;Q332071;2;1.01.1991;2;1.01.1995;;;;
Metastate_Q115;Эфиопия;Q115;2;1.01.1995;;по наст. время;;;;
Metastate_Q1000;Габон;Q271894;2;1.01.1910;2;1.01.1960;;;;
Metastate_Q1000;Габон;Q1000;2;1.01.1910;;по наст. время;;;;
Metastate_Q1005;Гамбия;Q3557236;2;1.01.1821;2;1.01.1965;;;;
Metastate_Q1005;Гамбия;Q7735661;2;1.01.1965;2;1.01.1970;;;;
Metastate_Q1005;Гамбия;Q1005;2;1.01.1965;;по наст. время;;;;
Metastate_Q117;Гана;Q503623;2;1.01.1821;2;1.01.1957;;;;
Metastate_Q117;Гана;Q117;2;1.01.1957;;по наст. время;;;;
Metastate_Q1006;Гвинея;Q797433;2;1.01.1894;2;1.01.1958;;;;
Metastate_Q1006;Гвинея;Q1006;2;1.01.1958;2;1.01.1979;;;;
Metastate_Q1006;Гвинея;Q98605707;2;1.01.1979;2;1.01.1984;;;;
Metastate_Q1006;Гвинея;Q1006;2;1.01.1984;;по наст. время;;;;
Metastate_Q1007;Гвинея-Бисау;Q2002279;2;1.01.1474;2;1.01.1974;;;;
Metastate_Q1007;Гвинея-Бисау;Q1007;2;1.01.1974;2;по наст. время;;;;
Metastate_Q114;Кения;Q876185;2;1.01.1895;2;1.01.1920;;;;
Metastate_Q114;Кения;Q2538511;2;1.01.1920;2;1.01.1963;;;;
Metastate_Q114;Кения;Q6392538;2;1.01.1963;2;1.01.1964;;;;
Metastate_Q114;Кения;Q114;2;1.01.1964;;по наст. время;;;;
Metastate_Q1013;Лесото;Q1013;2;1.01.1822;2;1.01.1884;;;;
Metastate_Q1013;Лесото;Q2340665;2;1.01.1884;2;1.01.1966;;;;
Metastate_Q1013;Лесото;Q1013;2;1.01.1966;;по наст. время;;;;
Metastate_Q1014;Либерия;Q1014;2;1.01.1847;;по наст. время;;;;
Metastate_Q1016;Ливия;Q1529261;2;1.01.1551;2;1.01.1912;;;;
Metastate_Q1016;Ливия;Q284568;2;1.01.1911;2;1.01.1943;;;;
Metastate_Q1016;Ливия;Q965346;2;1.01.1918;2;1.01.1922;;;;
Metastate_Q1016;Ливия;Q16953965;2;1.01.1942;2;1.01.1951;;;;
Metastate_Q1016;Ливия;Q3518801;2;1.01.1943;2;1.01.1951;;;;
Metastate_Q1016;Ливия;Q370372;2;1.01.1949;2;1.01.1951;;;;
Metastate_Q1016;Ливия;Q31454;2;1.01.1951;2;1.01.1969;;;;
Metastate_Q1016;Ливия;Q2347668;2;1.01.1969;2;1.01.1977;;;;
Metastate_Q1016;Ливия;Q4843701;2;1.01.1977;2;1.01.2011;;;;
Metastate_Q1016;Ливия;Q1016;2;1.01.2011;;по наст. время;;;;
Metastate_Q1019;Мадагаскар;Q1071439;2;1.01.1540;2;1.01.1882;;;;
Metastate_Q1019;Мадагаскар;Q3951019;2;1.01.1882;2;1.01.1897;;;;
Metastate_Q1019;Мадагаскар;Q5501842;2;1.01.1897;2;1.01.1958;;;;
Metastate_Q1019;Мадагаскар;Q6740997;2;1.01.1958;2;1.01.1975;;;;
Metastate_Q1019;Мадагаскар;Q3456447;2;1.01.1975;2;1.01.1992;;;;
Metastate_Q1019;Мадагаскар;Q1019;2;1.01.1992;;по наст. время;;;;
Metastate_Q1020;Малави;Q2642989;2;1.01.1893;2;1.01.1907;;;;
Metastate_Q1020;Малави;Q1649306;2;1.01.1907;2;1.01.1953;;;;
Metastate_Q1020;Малави;Q654342;2;1.01.1953;2;1.01.1963;;;;
Metastate_Q1020;Малави;Q1649306;2;1.01.1963;2;1.01.1964;;;;
Metastate_Q1020;Малави;Q1020;2;1.01.1963;;по наст. время;;;;
Metastate_Q912;Мали;Q206789;3;1.01.700;3;1.01.1240;;;;
Metastate_Q912;Мали;Q184536;3;1.01.1240;3;1.01.1464;;;;
Metastate_Q912;Мали;Q202687;3;1.01.1464;2;1.01.1591;;;;
Metastate_Q912;Мали;Q15824804;3;1.01.1600;2;1.01.1880;;;;
Metastate_Q912;Мали;Q508014;2;1.01.1880;2;1.01.1958;;;;
Metastate_Q912;Мали;Q3456487;2;1.01.1958;2;1.01.1960;;;;
Metastate_Q912;Мали;Q216632;2;1.01.1960;2;1.01.1960;;;;
Metastate_Q912;Мали;Q912;2;1.01.1960;;по наст. время;;;;
Metastate_Q1025;Мавритания;Q5148343;2;1.01.1903;2;1.01.1960;;;;
Metastate_Q1025;Мавритания;Q1025;2;1.01.1960;;по наст. время;;;;
Metastate_Q1027;Маврикий;Q12060804;2;1.01.1715;2;1.01.1810;;;;
Metastate_Q1027;Маврикий;Q12053604;2;1.01.1810;2;1.01.1968;;;;
Metastate_Q1027;Маврикий;Q14759030;2;1.01.1968;2;1.01.1992;;;;
Metastate_Q1027;Маврикий;Q1027;2;1.01.1992;;по наст. время;;;;
Metastate_Q1028;Марокко;Q75613;2;1.01.1040;2;1.01.1147;;;;
Metastate_Q1028;Марокко;Q199688;2;1.01.1121;2;1.01.1269;;;;
Metastate_Q1028;Марокко;Q582861;2;1.01.1244;2;1.01.1465;;;;
Metastate_Q1028;Марокко;Q907234;2;1.01.1912;2;1.01.1955;;;;
Metastate_Q1028;Марокко;Q457242;2;1.01.1912;2;1.01.1956;;;;
Metastate_Q1028;Марокко;Q3497642;2;1.01.1924;2;1.01.1956;;;;
Metastate_Q1028;Марокко;Q689837;2;1.01.1884;2;1.01.1975;;;;
Metastate_Q1028;Марокко;Q1028;2;1.01.1956;;по наст. время;;;;
Metastate_Q1029;Мозамбик;Q889394;2;1.01.1498;2;1.01.1975;;;;
Metastate_Q1029;Мозамбик;Q617078;2;1.01.1975;2;1.01.1990;;;;
Metastate_Q1029;Мозамбик;Q1029;2;1.01.1990;;по наст. время;;;;
Metastate_Q1030;Намибия;Q153665;2;1.01.1884;2;1.01.1915;;;;
Metastate_Q1030;Намибия;Q953068;2;1.01.1915;2;1.01.1990;;;;
Metastate_Q1030;Намибия;Q1030;2;1.01.1990;;по наст. время;;;;
Metastate_Q1032;Нигер;Q1271523;2;1.01.1904;2;1.01.1921;;;;
Metastate_Q1032;Нигер;Q5148520;2;1.01.1922;2;1.01.1960;;;;
Metastate_Q1032;Нигер;Q1032;2;1.01.1960;;по наст. время;;;;
Metastate_Q1033;Нигерия;Q894030;2;1.01.1380;2;1.01.1893;;;;
Metastate_Q1033;Нигерия;Q849623;3;1.01.1300;2;1.01.1896;;;;
Metastate_Q1033;Нигерия;Q171203;2;1.01.1180;2;1.01.1897;;;;
Metastate_Q1033;Нигерия;Q15043630;3;1.01.1840;3;1.01.1900;;;;
Metastate_Q1033;Нигерия;Q761370;2;1.01.1690;2;1.01.1902;;;;
Metastate_Q1033;Нигерия;Q3123512;2;1.01.1807;2;1.01.1903;;;;
Metastate_Q1033;Нигерия;Q600524;2;1.01.1804;2;1.01.1903;;;;
Metastate_Q1033;Нигерия;Q145749;2;1.01.948;2;1.01.1911;;;;
Metastate_Q1033;Нигерия;Q2566427;2;1.01.1884;2;1.01.1900;;;;
Metastate_Q1033;Нигерия;Q472146;2;1.01.1862;2;1.01.1906;;;;
Metastate_Q1033;Нигерия;Q585408;2;1.01.1900;2;1.01.1914;;;;
Metastate_Q1033;Нигерия;Q2062030;2;1.01.1900;2;1.01.1914;;;;
Metastate_Q1033;Нигерия;Q2046345;2;1.01.1914;2;1.01.1960;;;;
Metastate_Q1033;Нигерия;Q5440850;2;1.01.1960;2;1.01.1963;;;;
Metastate_Q1033;Нигерия;Q1033;2;1.01.1963;;по наст. время;;;;
Metastate_Q1037;Руанда;Q153963;2;1.01.1891;2;1.01.1919;;;;
Metastate_Q1037;Руанда;Q590743;2;1.01.1922;2;1.01.1962;;;;
Metastate_Q1037;Руанда;Q889884;2;1.01.1962;2;1.01.1962;;;;
Metastate_Q1037;Руанда;Q1037;2;1.01.1962;;по наст. время;;;;
Metastate_Q1039;Сан-Томе и Принсипи;Q7232692;2;1.01.1470;2;1.01.1975;;;;
Metastate_Q1039;Сан-Томе и Принсипи;Q1039;2;1.01.1975;;по наст. время;;;;
Metastate_Q1041;Сенегал;Q5502051;2;1.01.1848;2;1.01.1960;;;;
Metastate_Q1041;Сенегал;Q216632;2;1.01.1960;2;1.01.1960;;;;
Metastate_Q1041;Сенегал;Q828443;2;1.01.1982;2;1.01.1989;;;;
Metastate_Q1041;Сенегал;Q1041;2;1.01.1960;;по наст. время;;;;
Metastate_Q1042;Сейшельские Острова;Q21821453;2;1.01.1903;2;1.01.1976;;;;
Metastate_Q1042;Сейшельские Острова;Q1042;2;1.01.1976;;по наст. время;;;;
Metastate_Q1044;Сьерра-Леоне;Q30059027;2;1.01.1808;2;1.01.1961;;;;
Metastate_Q1044;Сьерра-Леоне;Q14920623;2;1.01.1961;2;1.01.1971;;;;
Metastate_Q1044;Сьерра-Леоне;Q1044;2;1.01.1971;;по наст. время;;;;
Metastate_Q1045;Сомали;Q861784;3;1.01.900;3;1.01.1500;;;;
Metastate_Q1045;Сомали;Q862532;3;1.01.1200;3;1.01.1600;;;;
Metastate_Q1045;Сомали;Q889374;2;1.01.1218;2;1.01.1886;;;;
Metastate_Q1045;Сомали;Q157727;2;1.01.1285;2;1.01.1415;;;;
Metastate_Q1045;Сомали;Q2365048;2;1.01.1415;2;1.01.1577;;;;
Metastate_Q1045;Сомали;Q862518;3;1.01.1600;2;1.01.1910;;;;
Metastate_Q1045;Сомали;Q2257830;3;1.01.1800;2;1.01.1924;;;;
Metastate_Q1045;Сомали;Q862404;2;1.01.1884;2;1.01.1925;;;;
Metastate_Q1045;Сомали;Q319984;2;1.01.1889;2;1.01.1936;;;;
Metastate_Q1045;Сомали;Q1106424;2;1.01.1889;2;1.01.1920;;;;
Metastate_Q1045;Сомали;Q328478;2;1.01.1936;2;1.01.1941;;;;
Metastate_Q1045;Сомали;Q319984;2;1.01.1941;2;1.01.1949;;;;
Metastate_Q1045;Сомали;Q616221;2;1.01.1950;2;1.01.1960;;;;
Metastate_Q1045;Сомали;Q662653;2;1.01.1884;2;1.01.1960;;;;
Metastate_Q1045;Сомали;Q1106857;2;1.01.1960;2;1.01.1960;;;;
Metastate_Q1045;Сомали;Q7559152;2;1.01.1960;2;1.01.1969;;;;
Metastate_Q1045;Сомали;Q1477220;2;1.01.1969;2;1.01.1991;;;;
Metastate_Q1045;Сомали;Q1045;2;1.01.2012;;по наст. время;;;;
Metastate_Q258;Южно-Африканская Республика;Q4807130;2;1.01.1652;2;1.01.1795;;;;
Metastate_Q258;Южно-Африканская Республика;Q370736;2;1.01.1795;2;1.01.1910;;;;
Metastate_Q258;Южно-Африканская Республика;Q1301901;2;1.01.1843;2;1.01.1910;;;;
Metastate_Q258;Южно-Африканская Республика;Q550374;2;1.01.1852;2;1.01.1877;;;;
Metastate_Q258;Южно-Африканская Республика;Q550374;2;1.01.1881;2;1.01.1902;;;;
Metastate_Q258;Южно-Африканская Республика;Q550374;2;1.01.1914;2;1.01.1915;;;;
Metastate_Q258;Южно-Африканская Республика;Q1187978;2;1.01.1877;2;1.01.1881;;;;
Metastate_Q258;Южно-Африканская Республика;Q1187978;2;1.01.1902;2;1.01.1910;;;;
Metastate_Q258;Южно-Африканская Республика;Q218023;2;1.01.1854;2;1.01.1902;;;;
Metastate_Q258;Южно-Африканская Республика;Q1142179;2;1.01.1902;2;1.01.1910;;;;
Metastate_Q258;Южно-Африканская Республика;Q193619;2;1.01.1910;2;1.01.1961;;;;
Metastate_Q258;Южно-Африканская Республика;Q258;2;1.01.1961;;по наст. время;;;;
Metastate_Q958;Южный Судан;Q541455;2;1.01.1899;2;1.01.1956;;;;
Metastate_Q958;Южный Судан;Q3486796;2;1.01.1956;2;1.01.1969;;;;
Metastate_Q958;Южный Судан;Q5866728;2;1.01.1969;2;1.01.1985;;;;
Metastate_Q958;Южный Судан;Q1049;2;1.01.1985;2;1.01.2011;;;;
Metastate_Q958;Южный Судан;Q958;2;1.01.2011;;по наст. время;;;;
Metastate_Q1049;Судан;Q541455;2;1.01.1899;2;1.01.1956;;;;
Metastate_Q1049;Судан;Q3486796;2;1.01.1956;2;1.01.1969;;;;
Metastate_Q1049;Судан;Q5866728;2;1.01.1969;2;1.01.1985;;;;
Metastate_Q1049;Судан;Q1049;2;1.01.1985;;по наст. время;;;;
Metastate_Q924;Танзания;Q153963;2;1.01.1891;2;1.01.1919;;;;
Metastate_Q924;Танзания;Q158725;2;1.01.1922;2;1.01.1961;;;;
Metastate_Q924;Танзания;Q431731;2;1.01.1961;2;1.01.1964;;;;
Metastate_Q924;Танзания;Q157904;2;1.01.1856;2;1.01.1964;;;;
Metastate_Q924;Танзания;Q157535;2;1.01.1964;2;1.01.1964;;;;
Metastate_Q924;Танзания;Q924;2;1.01.1964;;по наст. время;;;;
Metastate_Q945;Того;Q161062;2;1.01.1884;2;1.01.1916;;;;
Metastate_Q945;Того;Q797527;2;1.01.1916;2;1.01.1956;;;;
Metastate_Q945;Того;Q797214;2;1.01.1916;2;1.01.1960;;;;
Metastate_Q945;Того;Q945;2;1.01.1960;;по наст. время;;;;
Metastate_Q948;Тунис;Q20018403;2;1.01.1574;2;1.01.1705;;;;
Metastate_Q948;Тунис;Q4899891;2;1.01.1705;2;1.01.1881;;;;
Metastate_Q948;Тунис;Q2017684;2;1.01.1881;2;1.01.1956;;;;
Metastate_Q948;Тунис;Q6412669;2;1.01.1956;2;1.01.1957;;;;
Metastate_Q948;Тунис;Q948;2;1.01.1957;;по наст. время;;;;
Metastate_Q1036;Уганда;Q1097943;2;1.01.1894;2;1.01.1962;;;;
Metastate_Q1036;Уганда;Q7877575;2;1.01.1962;2;1.01.1963;;;;
Metastate_Q1036;Уганда;Q1036;2;1.01.1963;;по наст. время;;;;
Metastate_Q953;Замбия;Q5155572;2;1.01.1890;2;1.01.1924;;;;
Metastate_Q953;Замбия;Q953903;2;1.01.1924;2;1.01.1953;;;;
Metastate_Q953;Замбия;Q953903;2;1.01.1963;2;1.01.1964;;;;
Metastate_Q953;Замбия;Q654342;2;1.01.1953;2;1.01.1963;;;;
Metastate_Q953;Замбия;Q953;2;1.01.1963;;по наст. время;;;;
Metastate_Q954;Зимбабве;Q5155572;2;1.01.1890;2;1.01.1923;;;;
Metastate_Q954;Зимбабве;Q750583;2;1.01.1923;2;1.01.1953;;;;
Metastate_Q954;Зимбабве;Q750583;2;1.01.1963;2;1.01.1965;;;;
Metastate_Q954;Зимбабве;Q750583;2;1.01.1979;2;1.01.1980;;;;
Metastate_Q954;Зимбабве;Q654342;2;1.01.1953;2;1.01.1963;;;;
Metastate_Q954;Зимбабве;Q217169;2;1.01.1965;2;1.01.1979;;;;
Metastate_Q954;Зимбабве;Q890120;2;1.01.1979;2;1.01.1979;;;;
Metastate_Q954;Зимбабве;Q954;2;1.01.1980;;по наст. время;;;;
Metastate_Q889;Афганистан;Q467627;2;1.01.1747;2;1.01.1826;;;;
Metastate_Q889;Афганистан;Q1335260;2;1.01.1823;2;1.01.1926;;;;
Metastate_Q889;Афганистан;Q1138904;2;1.01.1926;2;1.01.1973;;;;
Metastate_Q889;Афганистан;Q1415128;2;1.01.1973;2;1.01.1978;;;;
Metastate_Q889;Афганистан;Q476757;2;1.01.1978;2;1.01.1992;;;;
Metastate_Q889;Афганистан;Q1415585;2;1.01.1992;2;1.01.2001;;;;
Metastate_Q889;Афганистан;Q427941;2;1.01.1996;2;1.01.2001;;;;
Metastate_Q889;Афганистан;Q4689073;2;1.01.2001;2;1.01.2002;;;;
Metastate_Q889;Афганистан;Q4689103;2;1.01.2002;2;1.01.2004;;;;
Metastate_Q889;Афганистан;Q889;2;1.01.2004;;по наст. время;;;;
Metastate_Q398;Бахрейн;Q8680;2;1.01.1783;2;1.01.1971;;;;
Metastate_Q398;Бахрейн;Q16826607;2;1.01.1971;2;1.01.2002;;;;
Metastate_Q398;Бахрейн;Q398;2;1.01.2002;;по наст. время;;;;
Metastate_Q902;Бангладеш;Q2001966;2;1.01.1757;2;1.01.1858;;;;
Metastate_Q902;Бангладеш;Q129286;2;1.01.1858;2;1.01.1947;;;;
Metastate_Q902;Бангладеш;Q2006542;2;1.01.1947;2;1.01.1956;;;;
Metastate_Q902;Бангладеш;Q842931;2;1.01.1956;2;1.01.1971;;;;
Metastate_Q902;Бангладеш;Q902;2;1.01.1971;;по наст. время;;;;
Metastate_Q917;Бутан;Q917;2;1.01.1907;;по наст. время;;;;
Metastate_Q921;Бруней;Q887803;4;1.01.601;2;1.01.1888;;;;
Metastate_Q921;Бруней;Q1147441;2;1.01.1888;2;1.01.1984;;;;
Metastate_Q921;Бруней;Q921;2;1.01.1984;;по наст. время;;;;
Metastate_Q424;Камбоджа;Q1057118;2;1.01.550;2;1.01.802;;;;
Metastate_Q424;Камбоджа;Q201705;2;1.01.802;2;1.01.1431;;;;
Metastate_Q424;Камбоджа;Q4919413;2;1.01.1431;2;1.01.1863;;;;
Metastate_Q424;Камбоджа;Q1155700;2;1.01.1782;2;1.01.1867;;;;
Metastate_Q424;Камбоджа;Q3173090;2;1.01.1863;2;1.01.1953;;;;
Metastate_Q424;Камбоджа;Q185682;2;1.01.1887;2;1.01.1946;;;;
Metastate_Q424;Камбоджа;QQ2638486;2;1.01.1953;2;1.01.1970;;;;
Metastate_Q424;Камбоджа;Q1054184;2;1.01.1970;2;1.01.1975;;;;
Metastate_Q424;Камбоджа;Q330988;2;1.01.1975;2;1.01.1982;;;;
Metastate_Q424;Камбоджа;Q867778;2;1.01.1979;2;1.01.1989;;;;
Metastate_Q424;Камбоджа;Q2785731;2;1.01.1982;2;1.01.1990;;;;
Metastate_Q424;Камбоджа;Q867778;2;1.01.1989;2;1.01.1993;;;;
Metastate_Q424;Камбоджа;Q2785731;2;1.01.1990;2;1.01.1993;;;;
Metastate_Q424;Камбоджа;Q424;2;1.01.1993;;по наст. время;;;;
Metastate_Q148;Китайская Народная Республика;Q7183;2;-1.01.221;2;-1.01.206;;;;
Metastate_Q148;Китайская Народная Республика;Q7209;2;-1.01.206;2;1.01.220;;;;
Metastate_Q148;Китайская Народная Республика;Q185043;2;1.01.220;2;1.01.280;;;;
Metastate_Q148;Китайская Народная Республика;Q7352;2;1.01.265;2;1.01.420;;;;
Metastate_Q148;Китайская Народная Республика;Q49696;2;1.01.386;2;1.01.590;;;;
Metastate_Q148;Китайская Народная Республика;Q7405;2;1.01.581;2;1.01.618;;;;
Metastate_Q148;Китайская Народная Республика;Q9683;2;1.01.618;2;1.01.907;;;;
Metastate_Q148;Китайская Народная Республика;Q242115;2;1.01.907;2;1.01.960;;;;
Metastate_Q148;Китайская Народная Республика;Q4958;2;1.01.907;2;1.01.1125;;;;
Metastate_Q148;Китайская Народная Республика;Q7462;2;1.01.960;2;1.01.1279;;;;
Metastate_Q148;Китайская Народная Республика;Q12557;2;1.01.1206;2;1.01.1368;;;;
Metastate_Q148;Китайская Народная Республика;Q7313;2;1.01.1271;2;1.01.1368;;;;
Metastate_Q148;Китайская Народная Республика;Q9903;2;1.01.1368;2;1.01.1644;;;;
Metastate_Q148;Китайская Народная Республика;Q8733;2;1.01.1644;2;1.01.1912;;;;
Metastate_Q148;Китайская Народная Республика;Q814959;2;1.01.1912;2;1.01.1928;;;;
Metastate_Q148;Китайская Народная Республика;Q6979778;2;1.01.1925;2;1.01.1948;;;;
Metastate_Q148;Китайская Народная Республика;Q5066;2;1.01.1115;2;1.01.1234;;;;
Metastate_Q148;Китайская Народная Республика;Q13426199;2;1.01.1912;2;1.01.1949;;;;
Metastate_Q148;Китайская Народная Республика;Q148;2;1.01.1949;;по наст. время;;;;
Metastate_Q230;Грузия;Q19083;2;-1.01.302;2;1.01.580;;;;
Metastate_Q230;Грузия;Q199389;2;1.01.588;2;1.01.1008;;;;
Metastate_Q230;Грузия;Q154667;2;1.01.1008;2;1.01.1490;;;;
Metastate_Q230;Грузия;Q195972;2;1.01.1490;2;1.01.1762;;;;
Metastate_Q230;Грузия;Q282475;2;1.01.1762;2;1.01.1800;;;;
Metastate_Q230;Грузия;Q34266;2;1.01.1721;2;1.01.1917;;;;
Metastate_Q230;Грузия;Q330756;2;1.01.1918;2;1.01.1918;;;;
Metastate_Q230;Грузия;Q245160;2;1.01.1918;2;1.01.1921;;;;
Metastate_Q230;Грузия;Q130229;2;1.01.1921;2;1.01.1922;;;;
Metastate_Q230;Грузия;Q545205;2;1.01.1922;2;1.01.1936;;;;
Metastate_Q230;Грузия;Q15180;2;1.01.1922;2;1.01.1991;;;;
Metastate_Q230;Грузия;Q130229;2;1.01.1936;2;1.01.1991;;;;
Metastate_Q230;Грузия;Q230;2;1.01.1995;;по наст. время;;;;
Metastate_Q668;Индия;Q1039325;4;-1.01.1500;4;-1.01.600;;;;
Metastate_Q668;Индия;Q846025;4;-1.01.600;4;-1.01.300;;;;
Metastate_Q668;Индия;Q62943;2;-1.01.322;2;-1.01.185;;;;
Metastate_Q668;Индия;Q1189518;2;-1.01.200;2;1.01.320;;;;
Metastate_Q668;Индия;Q11774;2;1.01.320;2;1.01.550;;;;
Metastate_Q668;Индия;Q12057021;2;1.01.550;2;1.01.1526;;;;
Metastate_Q668;Индия;Q646374;2;1.01.1664;2;1.01.1962;;;;
Metastate_Q668;Индия;Q323904;2;1.01.1505;2;1.01.1961;;;;
Metastate_Q668;Индия;Q129286;2;1.01.1858;2;1.01.1947;;;;
Metastate_Q668;Индия;Q2001966;2;1.01.1757;2;1.01.1858;;;;
Metastate_Q668;Индия;Q1775277;2;1.01.1947;2;1.01.1959;;;;
Metastate_Q668;Индия;Q668;2;1.01.1950;;по наст. время;;;;
Metastate_Q252;Индонезия;Q5317276;2;1.01.1603;2;1.01.1800;;;;
Metastate_Q252;Индонезия;Q188161;2;1.01.1800;2;1.01.1949;;;;
Metastate_Q252;Индонезия;Q523435;2;1.01.1949;2;1.01.1959;;;;
Metastate_Q252;Индонезия;Q941881;2;1.01.1949;2;1.01.1962;;;;
Metastate_Q252;Индонезия;Q252;2;1.01.1950;;по наст. время;;;;
Metastate_Q794;Иран;Q389688;2;-1.01.549;2;-1.01.330;;;;
Metastate_Q794;Иран;Q93180;2;-1.01.312;2;-1.01.63;;;;
Metastate_Q794;Иран;Q1986139;2;-1.01.247;2;1.01.224;;;;
Metastate_Q794;Иран;Q83891;2;1.01.224;2;1.01.651;;;;
Metastate_Q794;Иран;Q324470;2;1.01.1375;2;1.01.1468;;;;
Metastate_Q794;Иран;Q555994;2;1.01.1378;2;1.01.1501;;;;
Metastate_Q794;Иран;Q18234383;2;1.01.1501;2;1.01.1736;;;;
Metastate_Q794;Иран;Q388739;2;1.01.1736;2;1.01.1796;;;;
Metastate_Q794;Иран;Q189326;2;1.01.1785;2;1.01.1925;;;;
Metastate_Q794;Иран;Q207991;2;1.01.1925;2;1.01.1979;;;;
Metastate_Q794;Иран;Q794;2;1.01.1979;;по наст. время;;;;
Metastate_Q796;Ирак;Q12560;2;1.01.1299;2;1.01.1923;;;;
Metastate_Q796;Ирак;Q146720;2;1.01.1920;2;1.01.1932;;;;
Metastate_Q796;Ирак;Q149805;2;1.01.1932;2;1.01.1958;;;;
Metastate_Q796;Ирак;Q146713;2;1.01.1958;2;1.01.1958;;;;
Metastate_Q796;Ирак;Q3041595;2;1.01.1958;2;1.01.1968;;;;
Metastate_Q796;Ирак;Q3108185;2;1.01.1968;2;1.01.2003;;;;
Metastate_Q796;Ирак;Q965174;2;1.01.2003;2;1.01.2004;;;;
Metastate_Q796;Ирак;Q796;2;1.01.2004;;по наст. время;;;;
Metastate_Q801;Израиль;Q3185305;3;-1.01.1047;2;-1.01.930;;;;
Metastate_Q801;Израиль;Q193714;2;1.01.1920;2;1.01.1948;;;;
Metastate_Q801;Израиль;Q801;2;1.01.1948;;по наст. время;;;;
Metastate_Q810;Иордания;Q12560;2;1.01.1299;2;1.01.1923;;;;
Metastate_Q810;Иордания;Q174193;2;1.01.1917;2;1.01.1920;;;;
Metastate_Q810;Иордания;Q70802;2;1.01.1917;2;1.01.1920;;;;
Metastate_Q810;Иордания;Q1121819;2;1.01.1921;2;1.01.1946;;;;
Metastate_Q810;Иордания;Q810;2;1.01.1946;;по наст. время;;;;
Metastate_Q423;Корейская Народно-Демократическая Республика;Q28370;2;-1.01.37;2;1.01.668;;;;
Metastate_Q423;Корейская Народно-Демократическая Республика;Q715257;2;1.01.668;2;1.01.935;;;;
Metastate_Q423;Корейская Народно-Демократическая Республика;Q28322;2;1.01.698;2;1.01.926;;;;
Metastate_Q423;Корейская Народно-Демократическая Республика;Q28208;2;1.01.918;2;1.01.1392;;;;
Metastate_Q423;Корейская Народно-Демократическая Республика;Q28179;2;1.01.1392;2;1.01.1897;;;;
Metastate_Q423;Корейская Народно-Демократическая Республика;Q28233;2;1.01.1897;2;1.01.1910;;;;
Metastate_Q423;Корейская Народно-Демократическая Республика;Q503585;2;1.01.1910;2;1.01.1945;;;;
Metastate_Q423;Корейская Народно-Демократическая Республика;Q484370;2;1.01.1945;2;1.01.1946;;;;
Metastate_Q423;Корейская Народно-Демократическая Республика;Q498735;2;1.01.1945;2;1.01.1948;;;;
Metastate_Q423;Корейская Народно-Демократическая Республика;Q60770428;2;1.01.1946;2;1.01.1948;;;;
Metastate_Q423;Корейская Народно-Демократическая Республика;Q423;2;1.01.1948;;по наст. время;;;;
Metastate_Q884;Республика Корея;Q28456;2;-1.01.57;2;1.01.668;;;;
Metastate_Q884;Республика Корея;Q28428;2;-1.01.18;2;1.01.660;;;;
Metastate_Q884;Республика Корея;Q715257;2;1.01.668;2;1.01.935;;;;
Metastate_Q884;Республика Корея;Q28208;2;1.01.918;2;1.01.1392;;;;
Metastate_Q884;Республика Корея;Q28179;2;1.01.1392;2;1.01.1897;;;;
Metastate_Q884;Республика Корея;Q28233;2;1.01.1897;2;1.01.1910;;;;
Metastate_Q884;Республика Корея;Q503585;2;1.01.1910;2;1.01.1945;;;;
Metastate_Q884;Республика Корея;Q28278;2;1.01.1919;2;1.01.1948;;;;
Metastate_Q884;Республика Корея;Q484370;2;1.01.1945;2;1.01.1946;;;;
Metastate_Q884;Республика Корея;Q484104;2;1.01.1945;2;1.01.1948;;;;
Metastate_Q884;Республика Корея;Q884;2;1.01.1948;;по наст. время;;;;
Metastate_Q817;Кувейт;Q817;2;1.01.1913;2;1.01.1990;;;;
Metastate_Q817;Кувейт;Q868942;2;1.01.1990;2;1.01.1990;;;;
Metastate_Q817;Кувейт;Q6448838;2;1.01.1990;2;1.01.1991;;;;
Metastate_Q817;Кувейт;Q817;2;1.01.1990;;по наст. время;;;;
Metastate_Q813;Киргизия;Q1501849;2;1.01.1867;2;1.01.1918;;;;
Metastate_Q813;Киргизия;Q75903;2;1.01.1918;2;1.01.1924;;;;
Metastate_Q813;Киргизия;Q2385941;2;1.01.1924;2;1.01.1926;;;;
Metastate_Q813;Киргизия;Q8212144;2;1.01.1926;2;1.01.1936;;;;
Metastate_Q813;Киргизия;Q15180;2;1.01.1922;2;1.01.1991;;;;
Metastate_Q813;Киргизия;Q130276;2;1.01.1936;2;1.01.1991;;;;
Metastate_Q813;Киргизия;Q813;2;1.01.1991;;по наст. время;;;;
Metastate_Q819;Лаос;Q853477;2;1.01.1354;2;1.01.1707;;;;
Metastate_Q819;Лаос;Q338248;2;1.01.1707;2;1.01.1949;;;;
Metastate_Q819;Лаос;Q1062415;2;1.01.1713;2;1.01.1904;;;;
Metastate_Q819;Лаос;Q1155700;2;1.01.1782;2;1.01.1893;;;;
Metastate_Q819;Лаос;Q1320058;2;1.01.1893;2;1.01.1953;;;;
Metastate_Q819;Лаос;Q870055;2;1.01.1947;2;1.01.1975;;;;
Metastate_Q819;Лаос;Q819;2;1.01.1975;;по наст. время;;;;
Metastate_Q822;Ливан;Q12560;2;1.01.1299;2;1.01.1923;;;;
Metastate_Q822;Ливан;Q174193;2;1.01.1917;2;1.01.1920;;;;
Metastate_Q822;Ливан;Q70802;2;1.01.1917;2;1.01.1920;;;;
Metastate_Q822;Ливан;Q130842;2;1.01.1920;2;1.01.1943;;;;
Metastate_Q822;Ливан;Q822;2;1.01.1943;;по наст. время;;;;
Metastate_Q833;Малайзия;Q1400154;2;1.01.1895;2;1.01.1946;;;;
Metastate_Q833;Малайзия;Q1973084;2;1.01.1895;2;1.01.1946;;;;
Metastate_Q833;Малайзия;Q976099;2;1.01.1946;2;1.01.1948;;;;
Metastate_Q833;Малайзия;Q1479726;2;1.01.1948;2;1.01.1963;;;;
Metastate_Q833;Малайзия;Q833;2;1.01.1963;;по наст. время;;;;
Metastate_Q826;Мальдивы;Q11344632;2;1.01.1774;2;1.01.1953;;;;
Metastate_Q826;Мальдивы;Q826;2;1.01.1953;2;1.01.1954;;;;
Metastate_Q826;Мальдивы;Q11344632;2;1.01.1954;2;1.01.1968;;;;
Metastate_Q826;Мальдивы;Q826;2;1.01.1968;;по наст. время;;;;
Metastate_Q711;Монголия;Q12557;2;1.01.1206;2;1.01.1368;;;;
Metastate_Q711;Монголия;Q7313;2;1.01.1271;2;1.01.1368;;;;
Metastate_Q711;Монголия;Q8959;2;1.01.1368;2;1.01.1635;;;;
Metastate_Q711;Монголия;Q8733;2;1.01.1635;2;1.01.1911;;;;
Metastate_Q711;Монголия;Q2475921;2;1.01.1911;2;1.01.1924;;;;
Metastate_Q711;Монголия;Q13426199;2;1.01.1911;2;1.01.1924;;;;
Metastate_Q711;Монголия;Q212056;2;1.01.1924;2;1.01.1992;;;;
Metastate_Q711;Монголия;Q711;2;1.01.1992;;по наст. время;;;;
Metastate_Q836;Мьянма;Q1062422;2;1.01.1752;2;1.01.1885;;;;
Metastate_Q836;Мьянма;Q129286;2;1.01.1858;2;1.01.1937;;;;
Metastate_Q836;Мьянма;Q2376315;2;1.01.1937;2;1.01.1947;;;;
Metastate_Q836;Мьянма;Q7233551;2;1.01.1948;2;1.01.1962;;;;
Metastate_Q836;Мьянма;Q15241296;2;1.01.1962;2;1.01.1988;;;;
Metastate_Q836;Мьянма;Q836;2;1.01.2011;;по наст. время;;;;
Metastate_Q837;Непал;Q3332217;2;1.01.1743;2;1.01.1768;;;;
Metastate_Q837;Непал;Q1078602;2;1.01.1768;2;1.01.2008;;;;
Metastate_Q837;Непал;Q837;2;1.01.2008;;по наст. время;;;;
Metastate_Q842;Оман;Q157734;2;1.01.1820;2;1.01.1970;;;;
Metastate_Q842;Оман;Q2342282;2;1.01.751;2;1.01.1970;;;;
Metastate_Q842;Оман;Q157734;2;1.01.751;2;1.01.1970;;;;
Metastate_Q842;Оман;Q842;2;1.01.1970;;по наст. время;;;;
Metastate_Q843;Пакистан;Q2001966;2;1.01.1757;2;1.01.1858;;;;
Metastate_Q843;Пакистан;Q129286;2;1.01.1858;2;1.01.1947;;;;
Metastate_Q843;Пакистан;Q2006542;2;1.01.1947;2;1.01.1956;;;;
Metastate_Q843;Пакистан;Q843;2;1.01.1956;;по наст. время;;;;
Metastate_Q219060;Государство Палестина;Q2320005;2;-1.01.305;2;-1.01.30;;;;
Metastate_Q219060;Государство Палестина;Q1669578;2;1.01.135;2;1.01.390;;;;
Metastate_Q219060;Государство Палестина;Q726798;2;1.01.868;2;1.01.905;;;;
Metastate_Q219060;Государство Палестина;Q12536;2;1.01.868;2;1.01.905;;;;
Metastate_Q219060;Государство Палестина;Q828665;2;1.01.935;2;1.01.969;;;;
Metastate_Q219060;Государство Палестина;Q12536;2;1.01.935;2;1.01.969;;;;
Metastate_Q219060;Государство Палестина;Q160307;2;1.01.969;2;1.01.1171;;;;
Metastate_Q219060;Государство Палестина;Q180114;2;1.01.1171;2;1.01.1260;;;;
Metastate_Q219060;Государство Палестина;Q282428;2;1.01.1250;2;1.01.1570;;;;
Metastate_Q219060;Государство Палестина;Q12560;2;1.01.1250;2;1.01.1570;;;;
Metastate_Q219060;Государство Палестина;Q193714;2;1.01.1920;2;1.01.1948;;;;
Metastate_Q219060;Государство Палестина;Q2051582;2;1.01.1948;2;1.01.1959;;;;
Metastate_Q219060;Государство Палестина;Q7075778;2;1.01.1959;2;1.01.1967;;;;
Metastate_Q219060;Государство Палестина;Q2893000;2;1.01.1948;2;1.01.1967;;;;
Metastate_Q219060;Государство Палестина;Q12406729;2;1.01.1967;2;1.01.1981;;;;
Metastate_Q219060;Государство Палестина;Q6087526;2;1.01.1981;2;1.01.1994;;;;
Metastate_Q219060;Государство Палестина;Q42620;2;1.01.1994;2;1.01.2013;;;;
Metastate_Q219060;Государство Палестина;Q219060;2;1.01.2013;;по наст. время;;;;
Metastate_Q928;Филиппины;Q910648;2;1.01.1565;2;1.01.1898;;;;
Metastate_Q928;Филиппины;Q871091;2;1.01.1762;2;1.01.1764;;;;
Metastate_Q928;Филиппины;Q30;2;1.01.1898;2;1.01.1902;;;;
Metastate_Q928;Филиппины;Q1361989;2;1.01.1899;2;1.01.1901;;;;
Metastate_Q928;Филиппины;Q783733;2;1.01.1901;2;1.01.1935;;;;
Metastate_Q928;Филиппины;Q146328;2;1.01.1935;2;1.01.1946;;;;
Metastate_Q928;Филиппины;Q2027229;2;1.01.1943;2;1.01.1945;;;;
Metastate_Q928;Филиппины;Q928;2;1.01.1946;;по наст. время;;;;
Metastate_Q846;Катар;Q21816812;2;1.01.1916;2;1.01.1971;;;;
Metastate_Q846;Катар;Q846;2;1.01.1971;;по наст. время;;;;
Metastate_Q851;Саудовская Аравия;Q146871;2;1.01.1744;2;1.01.1818;;;;
Metastate_Q851;Саудовская Аравия;Q146862;2;1.01.1824;2;1.01.1891;;;;
Metastate_Q851;Саудовская Аравия;Q5362837;2;1.01.1836;2;1.01.1921;;;;
Metastate_Q851;Саудовская Аравия;Q3558385;2;1.01.1872;2;1.01.1916;;;;
Metastate_Q851;Саудовская Аравия;Q96028967;2;1.01.1902;2;1.01.1921;;;;
Metastate_Q851;Саудовская Аравия;Q1756914;2;1.01.1921;2;1.01.1926;;;;
Metastate_Q851;Саудовская Аравия;Q956357;2;1.01.1916;2;1.01.1925;;;;
Metastate_Q851;Саудовская Аравия;Q1656908;2;1.01.1872;2;1.01.1916;;;;
Metastate_Q851;Саудовская Аравия;Q1756546;2;1.01.1926;2;1.01.1932;;;;
Metastate_Q851;Саудовская Аравия;Q851;2;1.01.1932;;по наст. время;;;;
Metastate_Q334;Сингапур;Q376178;2;1.01.1926;2;1.01.1946;;;;
Metastate_Q334;Сингапур;Q4373718;2;1.01.1946;2;1.01.1963;;;;
Metastate_Q334;Сингапур;Q4420038;2;1.01.1963;2;1.01.1965;;;;
Metastate_Q334;Сингапур;Q334;2;1.01.1965;;по наст. время;;;;
Metastate_Q854;Шри-Ланка;Q7524320;2;-1.01.543;2;1.01.1597;;;;
Metastate_Q854;Шри-Ланка;Q3932084;2;-1.01.543;2;-1.01.437;;;;
Metastate_Q854;Шри-Ланка;Q1965597;2;-1.01.437;2;1.01.1055;;;;
Metastate_Q854;Шри-Ланка;Q3167772;2;1.01.1055;2;1.01.1232;;;;
Metastate_Q854;Шри-Ланка;Q3136869;2;1.01.1232;2;1.01.1341;;;;
Metastate_Q854;Шри-Ланка;Q6412581;2;1.01.1341;2;1.01.1371;;;;
Metastate_Q854;Шри-Ланка;Q1589163;2;1.01.1371;2;1.01.1597;;;;
Metastate_Q854;Шри-Ланка;Q1530762;2;1.01.1469;2;1.01.1815;;;;
Metastate_Q854;Шри-Ланка;Q1311219;2;1.01.1232;2;1.01.1620;;;;
Metastate_Q854;Шри-Ланка;Q3136850;2;1.01.1521;2;1.01.1594;;;;
Metastate_Q854;Шри-Ланка;Q918153;2;1.01.1815;2;1.01.1948;;;;
Metastate_Q854;Шри-Ланка;Q2670092;2;1.01.1948;2;1.01.1972;;;;
Metastate_Q854;Шри-Ланка;Q854;2;1.01.1972;;по наст. время;;;;
Metastate_Q858;Сирия;Q12560;2;1.01.1299;2;1.01.1923;;;;
Metastate_Q858;Сирия;Q130802;2;1.01.1920;2;1.01.1936;;;;
Metastate_Q858;Сирия;Q146600;2;1.01.1920;2;1.01.1920;;;;
Metastate_Q858;Сирия;Q146740;2;1.01.1921;2;1.01.1936;;;;
Metastate_Q858;Сирия;Q146872;2;1.01.1920;2;1.01.1924;;;;
Metastate_Q858;Сирия;Q146562;2;1.01.1920;2;1.01.1924;;;;
Metastate_Q858;Сирия;Q146880;2;1.01.1924;2;1.01.1930;;;;
Metastate_Q858;Сирия;Q26234937;2;1.01.1930;2;1.01.1946;;;;
Metastate_Q858;Сирия;Q146885;2;1.01.1946;2;1.01.1958;;;;
Metastate_Q858;Сирия;Q170468;2;1.01.1958;2;1.01.1961;;;;
Metastate_Q858;Сирия;Q858;2;1.01.1961;;по наст. время;;;;
Metastate_Q863;Таджикистан;Q1501849;2;1.01.1867;2;1.01.1918;;;;
Metastate_Q863;Таджикистан;Q75903;2;1.01.1918;2;1.01.1924;;;;
Metastate_Q863;Таджикистан;Q15180;2;1.01.1922;2;1.01.1991;;;;
Metastate_Q863;Таджикистан;Q76077;2;1.01.1924;2;1.01.1929;;;;
Metastate_Q863;Таджикистан;Q199711;2;1.01.1922;2;1.01.1991;;;;
Metastate_Q863;Таджикистан;Q863;2;1.01.1991;;по наст. время;;;;
Metastate_Q869;Таиланд;Q863279;2;1.01.1238;2;1.01.1438;;;;
Metastate_Q869;Таиланд;Q1059707;2;1.01.1292;2;1.01.1775;;;;
Metastate_Q869;Таиланд;Q1483643;4;1.01.1;4;1.01.1401;;;;
Metastate_Q869;Таиланд;Q841364;2;1.01.1350;2;1.01.1767;;;;
Metastate_Q869;Таиланд;Q1115291;2;1.01.1767;2;1.01.1782;;;;
Metastate_Q869;Таиланд;Q1155700;2;1.01.1782;2;1.01.1932;;;;
Metastate_Q869;Таиланд;Q869;2;1.01.1932;;по наст. время;;;;
Metastate_Q574;Восточный Тимор;Q142965;2;1.01.1702;2;1.01.1975;;;;
Metastate_Q574;Восточный Тимор;Q1732464;2;1.01.1975;2;1.01.1999;;;;
Metastate_Q574;Восточный Тимор;Q332358;2;1.01.1999;2;1.01.2002;;;;
Metastate_Q574;Восточный Тимор;Q574;2;1.01.2002;;по наст. время;;;;
Metastate_Q874;Туркмения;Q1501849;2;1.01.1867;2;1.01.1918;;;;
Metastate_Q874;Туркмения;Q75903;2;1.01.1918;2;1.01.1924;;;;
Metastate_Q874;Туркмения;Q61291;2;1.01.1920;2;1.01.1925;;;;
Metastate_Q874;Туркмения;Q68682;2;1.01.1920;2;1.01.1925;;;;
Metastate_Q874;Туркмения;Q15180;2;1.01.1922;2;1.01.1991;;;;
Metastate_Q874;Туркмения;Q199707;2;1.01.1922;2;1.01.1991;;;;
Metastate_Q874;Туркмения;Q874;2;1.01.1991;;по наст. время;;;;
Metastate_Q878;Объединённые Арабские Эмираты;Q1852345;2;1.01.1820;2;1.01.1971;;;;
Metastate_Q878;Объединённые Арабские Эмираты;Q878;2;1.01.1971;;по наст. время;;;;
Metastate_Q265;Узбекистан;Q1501849;2;1.01.1867;2;1.01.1918;;;;
Metastate_Q265;Узбекистан;Q75903;2;1.01.1918;2;1.01.1924;;;;
Metastate_Q265;Узбекистан;Q61291;2;1.01.1920;2;1.01.1925;;;;
Metastate_Q265;Узбекистан;Q68682;2;1.01.1920;2;1.01.1925;;;;
Metastate_Q265;Узбекистан;Q15180;2;1.01.1922;2;1.01.1991;;;;
Metastate_Q265;Узбекистан;Q484578;2;1.01.1922;2;1.01.1991;;;;
Metastate_Q265;Узбекистан;Q265;2;1.01.1991;;по наст. время;;;;
Metastate_Q881;Вьетнам;Q6500483;2;1.01.1802;2;1.01.1887;;;;
Metastate_Q881;Вьетнам;Q185682;2;1.01.1887;2;1.01.1946;;;;
Metastate_Q881;Вьетнам;Q505503;2;1.01.1862;2;1.01.1949;;;;
Metastate_Q881;Вьетнам;Q10828323;2;1.01.1884;2;1.01.1949;;;;
Metastate_Q881;Вьетнам;Q1193879;2;1.01.1949;2;1.01.1955;;;;
Metastate_Q881;Вьетнам;Q172640;2;1.01.1945;2;1.01.1976;;;;
Metastate_Q881;Вьетнам;Q180573;2;1.01.1955;2;1.01.1975;;;;
Metastate_Q881;Вьетнам;Q1072362;2;1.01.1976;2;1.01.1976;;;;
Metastate_Q881;Вьетнам;Q881;2;1.01.1976;;по наст. время;;;;
Metastate_Q805;Йемен;Q784972;2;1.01.1872;2;1.01.1918;;;;
Metastate_Q805;Йемен;Q580188;2;1.01.1918;2;1.01.1962;;;;
Metastate_Q805;Йемен;Q267584;2;1.01.1962;2;1.01.1990;;;;
Metastate_Q805;Йемен;Q1865132;2;1.01.1869;2;1.01.1963;;;;
Metastate_Q805;Йемен;Q834486;2;1.01.1963;2;1.01.1967;;;;
Metastate_Q805;Йемен;Q199841;2;1.01.1967;2;1.01.1990;;;;
Metastate_Q805;Йемен;Q805;2;1.01.1990;;по наст. время;;;;
Metastate_Q222;Албания;Q2454379;2;1.01.1190;2;1.01.1255;;;;
Metastate_Q222;Албания;Q12544;2;1.01.1190;2;1.01.1204;;;;
Metastate_Q222;Албания;Q187684;2;1.01.1205;2;1.01.1255;;;;
Metastate_Q222;Албания;Q2657134;2;1.01.1272;2;1.01.1368;;;;
Metastate_Q222;Албания;Q188586;2;1.01.1258;2;1.01.1368;;;;
Metastate_Q222;Албания;Q1483451;2;1.01.1396;2;1.01.1417;;;;
Metastate_Q222;Албания;Q7245121;2;1.01.1346;2;1.01.1417;;;;
Metastate_Q222;Албания;Q1406298;2;1.01.1346;2;1.01.1355;;;;
Metastate_Q222;Албания;Q3656404;2;1.01.1358;2;1.01.1374;;;;
Metastate_Q222;Албания;Q2331954;2;1.01.1359;2;1.01.1416;;;;
Metastate_Q222;Албания;Q865584;2;1.01.1368;2;1.01.1392;;;;
Metastate_Q222;Албания;Q7245103;2;1.01.1386;2;1.01.1418;;;;
Metastate_Q222;Албания;Q1483403;2;1.01.1387;2;1.01.1444;;;;
Metastate_Q222;Албания;Q1353404;2;1.01.1389;2;1.01.1444;;;;
Metastate_Q222;Албания;Q4948;2;1.01.1420;2;1.01.1797;;;;
Metastate_Q222;Албания;Q669241;2;1.01.1444;3;1.01.1468;;;;
Metastate_Q222;Албания;Q12560;2;1.01.1479;2;1.01.1912;;;;
Metastate_Q222;Албания;Q582781;2;1.01.1912;2;1.01.1914;;;;
Metastate_Q222;Албания;Q187035;2;1.01.1914;2;1.01.1925;;;;
Metastate_Q222;Албания;Q1923781;2;1.01.1925;2;1.01.1928;;;;
Metastate_Q222;Албания;Q1048340;2;1.01.1928;2;1.01.1939;;;;
Metastate_Q222;Албания;Q1448131;2;1.01.1939;2;1.01.1943;;;;
Metastate_Q222;Албания;Q777147;2;1.01.1943;2;1.01.1944;;;;
Metastate_Q222;Албания;Q12100005;2;1.01.1944;2;1.01.1946;;;;
Metastate_Q222;Албания;Q19915237;2;1.01.1946;2;1.01.1976;;;;
Metastate_Q222;Албания;Q467864;2;1.01.1976;2;1.01.1991;;;;
Metastate_Q222;Албания;Q222;2;1.01.1991;;по наст. время;;;;
Metastate_Q228;Андорра;Q17167;2;-1.01.100;2;-1.01.27;;;;
Metastate_Q228;Андорра;Q2277;2;-1.01.27;2;1.01.476;;;;
Metastate_Q228;Андорра;Q31929;2;1.01.817;2;1.01.843;;;;
Metastate_Q228;Андорра;Q1514510;2;1.01.843;2;1.01.1133;;;;
Metastate_Q228;Андорра;Q877736;2;1.01.1133;2;1.01.1208;;;;
Metastate_Q228;Андорра;Q1481436;2;1.01.1208;2;1.01.1607;;;;
Metastate_Q228;Андорра;Q228;2;1.01.1278;;по наст. время;;;;
Metastate_Q399;Армения;Q599590;2;-1.01.1500;2;-1.01.1290;;;;
Metastate_Q399;Армения;Q2074363;2;-1.01.1290;2;-1.01.1190;;;;
Metastate_Q399;Армения;Q560342;2;-1.01.1114;2;-1.01.860;;;;
Metastate_Q399;Армения;Q185068;2;-1.01.860;2;-1.01.590;;;;
Metastate_Q399;Армения;Q389688;2;-1.01.549;2;-1.01.331;;;;
Metastate_Q399;Армения;Q208404;2;-1.01.321;2;1.01.428;;;;
Metastate_Q399;Армения;Q2571688;2;1.01.428;2;1.01.646;;;;
Metastate_Q399;Армения;Q2981019;2;1.01.654;2;1.01.884;;;;
Metastate_Q399;Армения;Q2622868;2;1.01.884;2;1.01.1045;;;;
Metastate_Q399;Армения;Q7448527;2;1.01.1071;2;1.01.1124;;;;
Metastate_Q399;Армения;Q2863018;2;1.01.1124;2;1.01.1386;;;;
Metastate_Q399;Армения;Q18234383;2;1.01.1501;2;1.01.1736;;;;
Metastate_Q399;Армения;Q12560;2;1.01.1586;2;1.01.1828;;;;
Metastate_Q399;Армения;Q63149558;2;1.01.1736;2;1.01.1796;;;;
Metastate_Q399;Армения;Q63158027;2;1.01.1789;2;1.01.1828;;;;
Metastate_Q399;Армения;Q34266;2;1.01.1828;2;1.01.1917;;;;
Metastate_Q399;Армения;Q330756;2;1.01.1918;2;1.01.1918;;;;
Metastate_Q399;Армения;Q139670;2;1.01.1918;2;1.01.1920;;;;
Metastate_Q399;Армения;Q132856;2;1.01.1920;2;1.01.1922;;;;
Metastate_Q399;Армения;Q545205;2;1.01.1922;2;1.01.1922;;;;
Metastate_Q399;Армения;Q15180;2;1.01.1922;2;1.01.1991;;;;
Metastate_Q399;Армения;Q399;2;1.01.1991;;по наст. время;;;;
Metastate_Q40;Австрия;Q146246;2;1.01.481;2;1.01.843;;;;
Metastate_Q40;Австрия;Q153080;2;1.01.843;2;1.01.919;;;;
Metastate_Q40;Австрия;Q283627;2;1.01.976;2;1.01.1156;;;;
Metastate_Q40;Австрия;Q3624335;2;1.01.1156;2;1.01.1453;;;;
Metastate_Q40;Австрия;Q699964;2;1.01.1453;2;1.01.1804;;;;
Metastate_Q40;Австрия;Q131964;2;1.01.1804;2;1.01.1867;;;;
Metastate_Q40;Австрия;Q28513;2;1.01.1867;2;1.01.1918;;;;
Metastate_Q40;Австрия;Q268970;2;1.01.1918;2;1.01.1919;;;;
Metastate_Q40;Австрия;Q518101;2;1.01.1919;2;1.01.1934;;;;
Metastate_Q40;Австрия;Q176495;2;1.01.1934;2;1.01.1938;;;;
Metastate_Q40;Австрия;Q7318;2;1.01.1938;2;1.01.1945;;;;
Metastate_Q40;Австрия;Q596239;2;1.01.1945;2;1.01.1955;;;;
Metastate_Q40;Австрия;Q40;2;1.01.1955;;по наст. время;;;;
Metastate_Q227;Азербайджан;Q389688;2;-1.01.549;2;-1.01.331;;;;
Metastate_Q227;Азербайджан;Q177076;4;-1.01.199;2;1.01.705;;;;
Metastate_Q227;Азербайджан;Q28470114;2;1.01.861;2;1.01.1539;;;;
Metastate_Q227;Азербайджан;Q324470;2;1.01.1375;2;1.01.1468;;;;
Metastate_Q227;Азербайджан;Q555994;2;1.01.1378;2;1.01.1501;;;;
Metastate_Q227;Азербайджан;Q18234383;2;1.01.1501;2;1.01.1736;;;;
Metastate_Q227;Азербайджан;Q34266;2;1.01.1813;2;1.01.1917;;;;
Metastate_Q227;Азербайджан;Q330756;2;1.01.1918;2;1.01.1918;;;;
Metastate_Q227;Азербайджан;Q206411;2;1.01.1918;2;1.01.1920;;;;
Metastate_Q227;Азербайджан;Q131337;2;1.01.1920;2;1.01.1922;;;;
Metastate_Q227;Азербайджан;Q545205;2;1.01.1922;2;1.01.1936;;;;
Metastate_Q227;Азербайджан;Q131337;2;1.01.1936;2;1.01.1991;;;;
Metastate_Q227;Азербайджан;Q227;2;1.01.1991;;по наст. время;;;;
Metastate_Q31;Бельгия;Q17167;2;-1.01.509;2;-1.01.27;;;;
Metastate_Q31;Бельгия;Q2277;2;-1.01.27;2;1.01.476;;;;
Metastate_Q31;Бельгия;Q12548;2;1.01.1482;2;1.01.1713;;;;
Metastate_Q31;Бельгия;Q699964;2;1.01.1713;2;1.01.1797;;;;
Metastate_Q31;Бельгия;Q58296;2;1.01.1797;2;1.01.1799;;;;
Metastate_Q31;Бельгия;Q877619;2;1.01.1799;2;1.01.1804;;;;
Metastate_Q31;Бельгия;Q71084;2;1.01.1804;2;1.01.1815;;;;
Metastate_Q31;Бельгия;Q15864;2;1.01.1815;2;1.01.1830;;;;
Metastate_Q31;Бельгия;Q18701358;2;1.01.1940;2;1.01.1944;;;;
Metastate_Q31;Бельгия;Q7318;2;1.01.1944;2;1.01.1945;;;;
Metastate_Q31;Бельгия;Q31;2;1.01.1830;;по наст. время;;;;
Metastate_Q225;Босния и Герцеговина;Q3627069;2;1.01.1154;2;1.01.1377;;;;
Metastate_Q225;Босния и Герцеговина;Q2980623;2;1.01.1377;2;1.01.1463;;;;
Metastate_Q225;Босния и Герцеговина;Q12560;2;1.01.1463;2;1.01.1878;;;;
Metastate_Q225;Босния и Герцеговина;Q28513;2;1.01.1878;2;1.01.1918;;;;
Metastate_Q225;Босния и Герцеговина;Q718374;2;1.01.1918;2;1.01.1918;;;;
Metastate_Q225;Босния и Герцеговина;Q15102440;2;1.01.1918;2;1.01.1929;;;;
Metastate_Q225;Босния и Герцеговина;Q191077;2;1.01.1929;2;1.01.1943;;;;
Metastate_Q225;Босния и Герцеговина;Q1277557;2;1.01.1943;2;1.01.1946;;;;
Metastate_Q225;Босния и Герцеговина;Q83286;2;1.01.1946;2;1.01.1991;;;;
Metastate_Q225;Босния и Герцеговина;Q1274468;2;1.01.1992;2;1.01.1995;;;;
Metastate_Q225;Босния и Герцеговина;Q225;2;1.01.1992;;по наст. время;;;;
Metastate_Q219;Болгария;Q870517;2;-1.01.480;2;1.01.46;;;;
Metastate_Q219;Болгария;Q2277;2;1.01.46;2;1.01.395;;;;
Metastate_Q219;Болгария;Q12544;2;1.01.395;2;1.01.681;;;;
Metastate_Q219;Болгария;Q10295972;2;1.01.370;2;1.01.469;;;;
Metastate_Q219;Болгария;Q28411;2;1.01.567;2;1.01.804;;;;
Metastate_Q219;Болгария;Q191484;2;1.01.632;2;1.01.668;;;;
Metastate_Q219;Болгария;Q203817;2;1.01.681;2;1.01.1018;;;;
Metastate_Q219;Болгария;Q12544;2;1.01.1018;2;1.01.1185;;;;
Metastate_Q219;Болгария;Q420759;2;1.01.1185;2;1.01.1396;;;;
Metastate_Q219;Болгария;Q12560;2;1.01.1396;2;1.01.1878;;;;
Metastate_Q219;Болгария;Q815731;2;1.01.1878;2;1.01.1908;;;;
Metastate_Q219;Болгария;Q147909;2;1.01.1908;2;1.01.1946;;;;
Metastate_Q219;Болгария;Q121932;2;1.01.1946;2;1.01.1990;;;;
Metastate_Q219;Болгария;Q219;2;1.01.1990;;по наст. время;;;;
Metastate_Q224;Хорватия;Q2576305;4;1.01.601;2;1.01.925;;;;
Metastate_Q224;Хорватия;Q858841;2;1.01.925;2;1.01.1102;;;;
Metastate_Q224;Хорватия;Q1789596;2;1.01.1102;2;1.01.1526;;;;
Metastate_Q224;Хорватия;Q623573;2;1.01.1527;2;1.01.1804;;;;
Metastate_Q224;Хорватия;Q12560;2;1.01.1492;2;1.01.1791;;;;
Metastate_Q224;Хорватия;Q131964;2;1.01.1804;2;1.01.1867;;;;
Metastate_Q224;Хорватия;Q28513;2;1.01.1867;2;1.01.1918;;;;
Metastate_Q224;Хорватия;Q718374;2;1.01.1918;2;1.01.1918;;;;
Metastate_Q224;Хорватия;Q15102440;2;1.01.1918;2;1.01.1929;;;;
Metastate_Q224;Хорватия;Q191077;2;1.01.1929;2;1.01.1943;;;;
Metastate_Q224;Хорватия;Q1277557;2;1.01.1943;2;1.01.1946;;;;
Metastate_Q224;Хорватия;Q83286;2;1.01.1946;2;1.01.1991;;;;
Metastate_Q224;Хорватия;Q224;2;1.01.1991;;по наст. время;;;;
Metastate_Q224;Хорватия;Q153128;2;1.01.1941;2;1.01.1945;;;;
Metastate_Q229;Кипр;Q1760729;2;-1.01.1450;2;1.01.-1050;;;;
Metastate_Q229;Кипр;Q41137;2;-1.01.811;2;-1.01.669;;;;
Metastate_Q229;Кипр;Q389688;2;-1.01.550;2;-1.01.330;;;;
Metastate_Q229;Кипр;Q17167;2;-1.01.509;2;-1.01.27;;;;
Metastate_Q229;Кипр;Q2277;2;-1.01.27;2;1.01.476;;;;
Metastate_Q229;Кипр;Q12544;2;1.01.476;2;1.01.1190;;;;
Metastate_Q229;Кипр;Q213638;2;1.01.1192;2;1.01.1489;;;;
Metastate_Q229;Кипр;Q4948;2;1.01.1489;2;1.01.1570;;;;
Metastate_Q229;Кипр;Q12560;2;1.01.1570;2;1.01.1914;;;;
Metastate_Q229;Кипр;Q8680;2;1.01.1914;2;1.01.1960;;;;
Metastate_Q229;Кипр;Q229;2;1.01.1960;;по наст. время;;;;
Metastate_Q213;Чехия;Q193152;2;1.01.833;2;1.01.902;;;;
Metastate_Q213;Чехия;Q2162698;3;1.01.870;2;1.01.1198;;;;
Metastate_Q213;Чехия;Q42585;2;1.01.1198;2;1.01.1804;;;;
Metastate_Q213;Чехия;Q12548;2;1.01.1198;2;1.01.1806;;;;
Metastate_Q213;Чехия;Q131964;2;1.01.1804;2;1.01.1867;;;;
Metastate_Q213;Чехия;Q28513;2;1.01.1867;2;1.01.1918;;;;
Metastate_Q213;Чехия;Q140359;2;1.01.1918;2;1.01.1938;;;;
Metastate_Q213;Чехия;Q2010024;2;1.01.1938;2;1.01.1939;;;;
Metastate_Q213;Чехия;Q7318;2;1.01.1939;2;1.01.1945;;;;
Metastate_Q213;Чехия;Q152750;2;1.01.1939;2;1.01.1945;;;;
Metastate_Q213;Чехия;Q2454585;2;1.01.1945;2;1.01.1960;;;;
Metastate_Q213;Чехия;Q853348;2;1.01.1960;2;1.01.1990;;;;
Metastate_Q213;Чехия;Q1998866;2;1.01.1990;2;1.01.1992;;;;
Metastate_Q213;Чехия;Q213;2;1.01.1993;;по наст. время;;;;
Metastate_Q35;Дания;Q3281269;2;1.01.1016;2;1.01.1035;;;;
Metastate_Q35;Дания;Q62623;2;1.01.1397;2;1.01.1523;;;;
Metastate_Q35;Дания;Q756617;3;1.01.965;;по наст. время;;;;
Metastate_Q191;Эстония;Q2458532;2;1.01.1207;2;1.01.1561;;;;
Metastate_Q191;Эстония;Q215443;2;1.01.1561;2;1.01.1721;;;;
Metastate_Q191;Эстония;Q34266;2;1.01.1721;2;1.01.1918;;;;
Metastate_Q191;Эстония;Q156031;2;1.01.1941;2;1.01.1944;;;;
Metastate_Q191;Эстония;Q15180;2;1.01.1940;2;1.01.1991;;;;
Metastate_Q191;Эстония;Q191;2;1.01.1918;;по наст. время;;;;
Metastate_Q33;Финляндия;Q62623;2;1.01.1397;2;1.01.1523;;;;
Metastate_Q33;Финляндия;Q34;3;1.01.1210;2;1.01.1809;;;;
Metastate_Q33;Финляндия;Q62633;2;1.01.1809;2;1.01.1917;;;;
Metastate_Q33;Финляндия;Q33;2;1.01.1917;;по наст. время;;;;
Metastate_Q41;Греция;Q11772;3;-1.01.900;2;-1.01.146;;;;
Metastate_Q41;Греция;Q332337;2;-1.01.338;2;-1.01.332;;;;
Metastate_Q41;Греция;Q83958;2;-1.01.335;2;-1.01.146;;;;
Metastate_Q41;Греция;Q2320005;2;-1.01.305;2;-1.01.146;;;;
Metastate_Q41;Греция;Q245273;2;-1.01.323;2;-1.01.146;;;;
Metastate_Q41;Греция;Q11266977;2;-1.01.323;2;-1.01.146;;;;
Metastate_Q41;Греция;Q244796;2;-1.01.323;2;-1.01.146;;;;
Metastate_Q41;Греция;Q17167;2;-1.01.146;2;-1.01.27;;;;
Metastate_Q41;Греция;Q2277;2;-1.01.27;2;1.01.395;;;;
Metastate_Q41;Греция;Q12544;2;1.01.395;2;1.01.1204;;;;
Metastate_Q41;Греция;Q12544;2;1.01.1261;2;1.01.1453;;;;
Metastate_Q41;Греция;Q187684;2;1.01.1205;2;1.01.1337;;;;
Metastate_Q41;Греция;Q178897;2;1.01.1204;2;1.01.1261;;;;
Metastate_Q41;Греция;Q334714;2;1.01.1205;2;1.01.1458;;;;
Metastate_Q41;Греция;Q332005;2;1.01.1205;2;1.01.1432;;;;
Metastate_Q41;Греция;Q174306;2;1.01.1261;2;1.01.1556;;;;
Metastate_Q41;Греция;Q4948;3;1.01.1200;2;1.01.1479;;;;
Metastate_Q41;Греция;Q12560;3;1.01.1300;2;1.01.1822;;;;
Metastate_Q41;Греция;Q2288441;2;1.01.1205;2;1.01.1669;;;;
Metastate_Q41;Греция;Q16958904;2;1.01.1668;2;1.01.1715;;;;
Metastate_Q41;Греция;Q4948;2;1.01.1363;2;1.01.1797;;;;
Metastate_Q41;Греция;Q58296;2;1.01.1797;2;1.01.1799;;;;
Metastate_Q41;Греция;Q1077630;2;1.01.1800;2;1.01.1815;;;;
Metastate_Q41;Греция;Q528546;2;1.01.1822;2;1.01.1832;;;;
Metastate_Q41;Греция;Q1063498;2;1.01.1815;2;1.01.1864;;;;
Metastate_Q41;Греция;Q209065;2;1.01.1832;2;1.01.1924;;;;
Metastate_Q41;Греция;Q72785;2;1.01.1896;2;1.01.1913;;;;
Metastate_Q41;Греция;Q1131500;2;1.01.1912;2;1.01.1912;;;;
Metastate_Q41;Греция;Q265824;2;1.01.1924;2;1.01.1935;;;;
Metastate_Q41;Греция;Q209065;2;1.01.1935;2;1.01.1941;;;;
Metastate_Q41;Греция;Q3013827;2;1.01.1941;2;1.01.1944;;;;
Metastate_Q41;Греция;Q209065;2;1.01.1944;2;1.01.1973;;;;
Metastate_Q41;Греция;Q41;2;1.01.1973;;по наст. время;;;;
Metastate_Q28;Венгрия;Q1747689;2;1.01.20;2;1.01.107;;;;
Metastate_Q28;Венгрия;Q10295972;2;1.01.370;2;1.01.469;;;;
Metastate_Q28;Венгрия;Q28411;2;1.01.567;2;1.01.804;;;;
Metastate_Q28;Венгрия;Q193152;2;1.01.833;2;1.01.902;;;;
Metastate_Q28;Венгрия;Q2899771;2;1.01.895;2;1.01.1000;;;;
Metastate_Q28;Венгрия;Q171150;2;1.01.1000;2;1.01.1526;;;;
Metastate_Q28;Венгрия;Q253094;2;1.01.1526;2;1.01.1867;;;;
Metastate_Q28;Венгрия;Q153136;2;1.01.1526;2;1.01.1867;;;;
Metastate_Q28;Венгрия;Q28513;2;1.01.1867;2;1.01.1918;;;;
Metastate_Q28;Венгрия;Q516160;2;1.01.1918;2;1.01.1919;;;;
Metastate_Q28;Венгрия;Q243652;2;1.01.1919;2;1.01.1919;;;;
Metastate_Q28;Венгрия;Q16985296;2;1.01.1919;2;1.01.1920;;;;
Metastate_Q28;Венгрия;Q600018;2;1.01.1920;2;1.01.1946;;;;
Metastate_Q28;Венгрия;Q940741;2;1.01.1946;2;1.01.1949;;;;
Metastate_Q28;Венгрия;Q16410;2;1.01.1949;2;1.01.1989;;;;
Metastate_Q28;Венгрия;Q718422;2;1.01.1989;2;1.01.2012;;;;
Metastate_Q28;Венгрия;Q28;2;1.01.2012;;по наст. время;;;;
Metastate_Q189;Исландия;Q62389;2;1.01.930;2;1.01.1262;;;;
Metastate_Q189;Исландия;Q2196956;2;1.01.872;2;1.01.1397;;;;
Metastate_Q189;Исландия;Q1273134;2;1.01.1380;2;1.01.1944;;;;
Metastate_Q189;Исландия;Q62623;2;1.01.1397;2;1.01.1523;;;;
Metastate_Q189;Исландия;Q62651;2;1.01.1536;2;1.01.1814;;;;
Metastate_Q189;Исландия;Q756617;2;1.01.1814;2;1.01.1918;;;;
Metastate_Q189;Исландия;Q62567;2;1.01.1918;2;1.01.1944;;;;
Metastate_Q189;Исландия;Q189;2;1.01.1944;;по наст. время;;;;
Metastate_Q27;Ирландия;Q302980;2;-1.01.300;2;1.01.100;;;;
Metastate_Q27;Ирландия;Q215530;2;1.01.1542;2;1.01.1651;;;;
Metastate_Q27;Ирландия;Q29954627;2;1.01.1653;2;1.01.1659;;;;
Metastate_Q27;Ирландия;Q215530;2;1.01.1659;2;1.01.1800;;;;
Metastate_Q27;Ирландия;Q174193;2;1.01.1801;2;1.01.1922;;;;
Metastate_Q27;Ирландия;Q31747;2;1.01.1922;2;1.01.1937;;;;
Metastate_Q27;Ирландия;Q27;2;1.01.1937;;по наст. время;;;;
Metastate_Q211;Латвия;Q2458532;2;1.01.1207;2;1.01.1583;;;;
Metastate_Q211;Латвия;Q172107;2;1.01.1583;2;1.01.1772;;;;
Metastate_Q211;Латвия;Q215443;2;1.01.1611;2;1.01.1721;;;;
Metastate_Q211;Латвия;Q34266;2;1.01.1772;2;1.01.1918;;;;
Metastate_Q211;Латвия;Q2300296;2;1.01.1918;2;1.01.1920;;;;
Metastate_Q211;Латвия;Q156031;2;1.01.1941;2;1.01.1945;;;;
Metastate_Q211;Латвия;Q15180;2;1.01.1940;2;1.01.1991;;;;
Metastate_Q211;Латвия;Q211;2;1.01.1918;;по наст. время;;;;
Metastate_Q347;Лихтенштейн;Q347;2;1.01.1719;;по наст. время;;;;
Metastate_Q347;Лихтенштейн;Q151624;2;1.01.1815;2;1.01.1866;;;;
Metastate_Q37;Литва;Q49683;4;1.01.1201;2;1.01.1569;;;;
Metastate_Q37;Литва;Q172107;2;1.01.1569;2;1.01.1795;;;;
Metastate_Q37;Литва;Q34266;2;1.01.1795;2;1.01.1914;;;;
Metastate_Q37;Литва;Q612359;2;1.01.1918;2;1.01.1918;;;;
Metastate_Q37;Литва;Q37;2;1.01.1918;;по наст. время;;;;
Metastate_Q37;Литва;Q15180;2;1.01.1940;2;1.01.1941;;;;
Metastate_Q37;Литва;Q7318;2;1.01.1941;2;1.01.1944;;;;
Metastate_Q37;Литва;Q15180;2;1.01.1944;2;1.01.1990;;;;
Metastate_Q32;Люксембург;Q29999;2;1.01.1815;2;1.01.1890;;;;
Metastate_Q32;Люксембург;Q32;2;1.01.1890;;по наст. время;;;;
Metastate_Q233;Мальта;Q41642;2;-1.01.800;2;-1.01.480;;;;
Metastate_Q233;Мальта;Q2429397;2;-1.01.480;2;-1.01.218;;;;
Metastate_Q233;Мальта;Q691321;2;-1.01.218;2;1.01.395;;;;
Metastate_Q233;Мальта;Q12544;2;1.01.395;2;1.01.870;;;;
Metastate_Q233;Мальта;Q12536;2;1.01.870;2;1.01.909;;;;
Metastate_Q233;Мальта;Q160307;2;1.01.909;2;1.01.1091;;;;
Metastate_Q233;Мальта;Q1917014;2;1.01.1091;2;1.01.1130;;;;
Metastate_Q233;Мальта;Q188586;2;1.01.1130;2;1.01.1530;;;;
Metastate_Q233;Мальта;Q188586;2;1.01.1530;2;1.01.1798;;;;
Metastate_Q233;Мальта;Q1540575;2;1.01.1798;2;1.01.1801;;;;
Metastate_Q233;Мальта;Q188586;2;1.01.1800;2;1.01.1813;;;;
Metastate_Q233;Мальта;Q6744657;2;1.01.1813;2;1.01.1964;;;;
Metastate_Q233;Мальта;Q7603765;2;1.01.1964;2;1.01.1974;;;;
Metastate_Q233;Мальта;Q233;2;1.01.1974;;по наст. время;;;;
Metastate_Q217;Молдавия;Q173082;2;-1.01.168;2;1.01.106;;;;
Metastate_Q217;Молдавия;Q2277;2;1.01.106;3;1.01.271;;;;
Metastate_Q217;Молдавия;Q10295972;2;1.01.370;2;1.01.469;;;;
Metastate_Q217;Молдавия;Q28411;2;1.01.567;2;1.01.804;;;;
Metastate_Q217;Молдавия;Q203817;2;1.01.681;2;1.01.1018;;;;
Metastate_Q217;Молдавия;Q420759;2;1.01.1185;2;1.01.1359;;;;
Metastate_Q217;Молдавия;Q10957559;2;1.01.1359;2;1.01.1812;;;;
Metastate_Q217;Молдавия;Q12560;2;1.01.1514;2;1.01.1812;;;;
Metastate_Q217;Молдавия;Q34266;2;1.01.1812;2;1.01.1918;;;;
Metastate_Q217;Молдавия;Q203493;2;1.01.1918;2;1.01.1945;;;;
Metastate_Q217;Молдавия;Q15180;2;1.01.1945;2;1.01.1991;;;;
Metastate_Q217;Молдавия;Q170895;2;1.01.1940;2;1.01.1990;;;;
Metastate_Q217;Молдавия;Q217;2;1.01.1991;;по наст. время;;;;
Metastate_Q235;Монако;Q174306;2;1.01.1215;2;1.01.1297;;;;
Metastate_Q235;Монако;Q235;2;1.01.1297;;по наст. время;;;;
Metastate_Q236;Черногория;Q13107370;3;1.01.760;3;1.01.969;;;;
Metastate_Q236;Черногория;Q203817;2;1.01.924;2;1.01.1018;;;;
Metastate_Q236;Черногория;Q12544;2;1.01.960;2;1.01.1043;;;;
Metastate_Q236;Черногория;Q1252942;2;1.01.1043;2;1.01.1101;;;;
Metastate_Q236;Черногория;Q1311990;2;1.01.1101;2;1.01.1217;;;;
Metastate_Q236;Черногория;Q2415003;2;1.01.1217;2;1.01.1346;;;;
Metastate_Q236;Черногория;Q1406298;2;1.01.1346;2;1.01.1371;;;;
Metastate_Q236;Черногория;Q178085;2;1.01.1371;2;1.01.1402;;;;
Metastate_Q236;Черногория;Q878319;2;1.01.1402;2;1.01.1540;;;;
Metastate_Q236;Черногория;Q12560;2;1.01.1540;2;1.01.1852;;;;
Metastate_Q236;Черногория;Q779011;2;1.01.1852;2;1.01.1910;;;;
Metastate_Q236;Черногория;Q386496;2;1.01.1910;2;1.01.1918;;;;
Metastate_Q236;Черногория;Q241748;2;1.01.1918;2;1.01.1918;;;;
Metastate_Q236;Черногория;Q15102440;2;1.01.1918;2;1.01.1929;;;;
Metastate_Q236;Черногория;Q191077;2;1.01.1929;2;1.01.1943;;;;
Metastate_Q236;Черногория;Q1277557;2;1.01.1943;2;1.01.1946;;;;
Metastate_Q236;Черногория;Q83286;2;1.01.1946;2;1.01.1992;;;;
Metastate_Q236;Черногория;Q838261;2;1.01.1992;2;1.01.2003;;;;
Metastate_Q236;Черногория;Q37024;2;1.01.2003;2;1.01.2006;;;;
Metastate_Q236;Черногория;Q236;2;1.01.2006;;по наст. время;;;;
Metastate_Q55;Нидерланды;Q146246;4;1.01.431;4;1.01.843;;;;
Metastate_Q55;Нидерланды;Q87791;3;1.01.600;3;1.01.734;;;;
Metastate_Q55;Нидерланды;Q660393;3;1.01.900;3;1.01.1190;;;;
Metastate_Q55;Нидерланды;Q762943;2;1.01.880;2;1.01.1384;;;;
Metastate_Q55;Нидерланды;Q157109;2;1.01.1384;2;1.01.1482;;;;
Metastate_Q55;Нидерланды;Q330533;2;1.01.1482;2;1.01.1581;;;;
Metastate_Q55;Нидерланды;Q170072;2;1.01.1581;2;1.01.1795;;;;
Metastate_Q55;Нидерланды;Q188553;2;1.01.1795;2;1.01.1806;;;;
Metastate_Q55;Нидерланды;Q212278;2;1.01.1806;2;1.01.1810;;;;
Metastate_Q55;Нидерланды;Q71084;2;1.01.1810;2;1.01.1813;;;;
Metastate_Q55;Нидерланды;Q15864;2;1.01.1815;2;1.01.1839;;;;
Metastate_Q55;Нидерланды;Q596214;2;1.01.1940;2;1.01.1945;;;;
Metastate_Q55;Нидерланды;Q29999;2;1.01.1839;;по наст. время;;;;
Metastate_Q221;Северная Македония;Q249561;3;-1.01.358;2;-1.01.168;;;;
Metastate_Q221;Северная Македония;Q83958;2;-1.01.355;2;-1.01.168;;;;
Metastate_Q221;Северная Македония;Q2277;2;-1.01.168;2;1.01.330;;;;
Metastate_Q221;Северная Македония;Q12544;2;1.01.330;2;1.01.1204;;;;
Metastate_Q221;Северная Македония;Q203817;2;1.01.681;2;1.01.1018;;;;
Metastate_Q221;Северная Македония;Q12544;2;1.01.1261;2;1.01.1453;;;;
Metastate_Q221;Северная Македония;Q420759;2;1.01.1185;2;1.01.1346;;;;
Metastate_Q221;Северная Македония;Q13107370;2;1.01.780;2;1.01.971;;;;
Metastate_Q221;Северная Македония;Q2415003;2;1.01.1217;2;1.01.1346;;;;
Metastate_Q221;Северная Македония;Q1406298;2;1.01.1346;2;1.01.1371;;;;
Metastate_Q221;Северная Македония;Q2665520;2;1.01.1371;2;1.01.1395;;;;
Metastate_Q221;Северная Македония;Q12560;2;1.01.1395;2;1.01.1913;;;;
Metastate_Q221;Северная Македония;Q241748;2;1.01.1913;2;1.01.1918;;;;
Metastate_Q221;Северная Македония;Q147909;2;1.01.1915;2;1.01.1918;;;;
Metastate_Q221;Северная Македония;Q15102440;2;1.01.1918;2;1.01.1929;;;;
Metastate_Q221;Северная Македония;Q191077;2;1.01.1929;2;1.01.1943;;;;
Metastate_Q221;Северная Македония;Q1277557;2;1.01.1943;2;1.01.1946;;;;
Metastate_Q221;Северная Македония;Q83286;2;1.01.1946;2;1.01.1991;;;;
Metastate_Q221;Северная Македония;Q221;2;1.01.1991;;по наст. время;;;;
Metastate_Q20;Норвегия;Q841376;4;1.01.501;2;1.01.876;;;;
Metastate_Q20;Норвегия;Q2196956;2;1.01.872;2;1.01.1397;;;;
Metastate_Q20;Норвегия;Q3281269;2;1.01.1016;2;1.01.1035;;;;
Metastate_Q20;Норвегия;Q62623;2;1.01.1397;2;1.01.1523;;;;
Metastate_Q20;Норвегия;Q62651;2;1.01.1536;2;1.01.1814;;;;
Metastate_Q20;Норвегия;Q2597352;2;1.01.1814;2;1.01.1814;;;;
Metastate_Q20;Норвегия;Q62589;2;1.01.1814;2;1.01.1905;;;;
Metastate_Q20;Норвегия;Q20;2;1.01.1905;2;1.01.1940;;;;
Metastate_Q20;Норвегия;Q335200;2;1.01.1940;2;1.01.1945;;;;
Metastate_Q20;Норвегия;Q2616953;2;1.01.1942;2;1.01.1945;;;;
Metastate_Q20;Норвегия;Q20;2;1.01.1945;;по наст. время;;;;
Metastate_Q45;Португалия;Q17167;2;-1.01.197;2;-1.01.27;;;;
Metastate_Q45;Португалия;Q2277;2;-1.01.27;2;1.01.476;;;;
Metastate_Q45;Португалия;Q1048918;2;1.01.410;2;1.01.585;;;;
Metastate_Q45;Португалия;Q126936;2;1.01.418;2;1.01.711;;;;
Metastate_Q45;Португалия;Q8575586;2;1.01.711;2;1.01.750;;;;
Metastate_Q45;Португалия;Q1337854;2;1.01.756;2;1.01.868;;;;
Metastate_Q45;Португалия;Q1139807;2;1.01.868;2;1.01.1139;;;;
Metastate_Q45;Португалия;Q175276;2;1.01.868;2;1.01.1139;;;;
Metastate_Q45;Португалия;Q45670;2;1.01.1139;2;1.01.1910;;;;
Metastate_Q45;Португалия;Q903779;2;1.01.1815;2;1.01.1822;;;;
Metastate_Q45;Португалия;Q45;2;1.01.1910;;по наст. время;;;;
Metastate_Q218;Румыния;Q173082;2;-1.01.168;2;1.01.106;;;;
Metastate_Q218;Румыния;Q2277;2;1.01.106;3;1.01.275;;;;
Metastate_Q218;Румыния;Q10295972;2;1.01.370;2;1.01.469;;;;
Metastate_Q218;Румыния;Q28411;2;1.01.567;2;1.01.804;;;;
Metastate_Q218;Румыния;Q203817;2;1.01.681;2;1.01.1018;;;;
Metastate_Q218;Румыния;Q420759;2;1.01.1185;2;1.01.1330;;;;
Metastate_Q218;Румыния;Q171393;2;1.01.1330;2;1.01.1859;;;;
Metastate_Q218;Румыния;Q18366588;2;1.01.1359;2;1.01.1859;;;;
Metastate_Q218;Румыния;Q958291;2;1.01.1859;2;1.01.1866;;;;
Metastate_Q218;Румыния;Q958291;2;1.01.1866;2;1.01.1881;;;;
Metastate_Q218;Румыния;Q203493;2;1.01.1881;2;1.01.1947;;;;
Metastate_Q218;Румыния;Q842794;2;1.01.1947;2;1.01.1989;;;;
Metastate_Q218;Румыния;Q218;2;1.01.1989;;по наст. время;;;;
Metastate_Q238;Сан-Марино;Q17167;2;-1.01.509;2;-1.01.27;;;;
Metastate_Q238;Сан-Марино;Q2277;2;-1.01.27;2;1.01.476;;;;
Metastate_Q238;Сан-Марино;Q583038;2;1.01.493;2;1.01.533;;;;
Metastate_Q238;Сан-Марино;Q12544;2;1.01.533;2;1.01.754;;;;
Metastate_Q238;Сан-Марино;Q170174;2;1.01.754;2;1.01.1600;;;;
Metastate_Q238;Сан-Марино;Q238;2;1.01.1600;;по наст. время;;;;
Metastate_Q403;Сербия;Q13107370;2;1.01.768;3;1.01.960;;;;
Metastate_Q403;Сербия;Q203817;2;1.01.924;2;1.01.1018;;;;
Metastate_Q403;Сербия;Q12544;2;1.01.960;2;1.01.1043;;;;
Metastate_Q403;Сербия;Q1252942;2;1.01.1043;2;1.01.1101;;;;
Metastate_Q403;Сербия;Q1311990;2;1.01.1101;2;1.01.1217;;;;
Metastate_Q403;Сербия;Q2415003;2;1.01.1217;2;1.01.1346;;;;
Metastate_Q403;Сербия;Q1406298;2;1.01.1346;2;1.01.1371;;;;
Metastate_Q403;Сербия;Q2273304;2;1.01.1371;2;1.01.1402;;;;
Metastate_Q403;Сербия;Q878319;2;1.01.1402;2;1.01.1459;;;;
Metastate_Q403;Сербия;Q2603851;2;1.01.1718;2;1.01.1739;;;;
Metastate_Q403;Сербия;Q1281856;2;1.01.1752;2;1.01.1764;;;;
Metastate_Q403;Сербия;Q12560;2;1.01.1540;2;1.01.1817;;;;
Metastate_Q403;Сербия;Q684030;2;1.01.1817;2;1.01.1882;;;;
Metastate_Q403;Сербия;Q241748;2;1.01.1882;2;1.01.1918;;;;
Metastate_Q403;Сербия;Q15102440;2;1.01.1918;2;1.01.1929;;;;
Metastate_Q403;Сербия;Q191077;2;1.01.1929;2;1.01.1943;;;;
Metastate_Q403;Сербия;Q1277557;2;1.01.1943;2;1.01.1946;;;;
Metastate_Q403;Сербия;Q83286;2;1.01.1946;2;1.01.1992;;;;
Metastate_Q403;Сербия;Q269864;2;1.01.1946;2;1.01.1992;;;;
Metastate_Q403;Сербия;Q838261;2;1.01.1992;2;1.01.2003;;;;
Metastate_Q403;Сербия;Q934644;2;1.01.1992;2;1.01.2006;;;;
Metastate_Q403;Сербия;Q37024;2;1.01.2003;2;1.01.2006;;;;
Metastate_Q403;Сербия;Q403;2;1.01.2006;;по наст. время;;;;
Metastate_Q214;Словакия;Q193152;2;1.01.833;2;1.01.902;;;;
Metastate_Q214;Словакия;Q171150;2;1.01.1000;2;1.01.1804;;;;
Metastate_Q214;Словакия;Q131964;2;1.01.1804;2;1.01.1867;;;;
Metastate_Q214;Словакия;Q28513;2;1.01.1867;2;1.01.1918;;;;
Metastate_Q214;Словакия;Q140359;2;1.01.1918;2;1.01.1938;;;;
Metastate_Q214;Словакия;Q2010024;2;1.01.1938;2;1.01.1939;;;;
Metastate_Q214;Словакия;Q7318;2;1.01.1939;2;1.01.1945;;;;
Metastate_Q214;Словакия;Q2454585;2;1.01.1945;2;1.01.1948;;;;
Metastate_Q214;Словакия;Q11178782;2;1.01.1948;2;1.01.1960;;;;
Metastate_Q214;Словакия;Q853348;2;1.01.1960;2;1.01.1990;;;;
Metastate_Q214;Словакия;Q1998866;2;1.01.1990;2;1.01.1992;;;;
Metastate_Q214;Словакия;Q214;2;1.01.1993;;по наст. время;;;;
Metastate_Q215;Словения;Q12548;2;1.01.955;2;1.01.1806;;;;
Metastate_Q215;Словения;Q131964;2;1.01.1804;2;1.01.1867;;;;
Metastate_Q215;Словения;Q28513;2;1.01.1867;2;1.01.1918;;;;
Metastate_Q215;Словения;Q718374;2;1.01.1918;2;1.01.1918;;;;
Metastate_Q215;Словения;Q15102440;2;1.01.1918;2;1.01.1929;;;;
Metastate_Q215;Словения;Q191077;2;1.01.1929;2;1.01.1943;;;;
Metastate_Q215;Словения;Q1277557;2;1.01.1943;2;1.01.1946;;;;
Metastate_Q215;Словения;Q83286;2;1.01.1946;2;1.01.1991;;;;
Metastate_Q215;Словения;Q215;2;1.01.1991;;по наст. время;;;;
Metastate_Q34;Швеция;Q62623;2;1.01.1397;2;1.01.1523;;;;
Metastate_Q34;Швеция;Q34;2;1.01.1523;2;1.01.1814;;;;
Metastate_Q34;Швеция;Q62589;2;1.01.1814;2;1.01.1905;;;;
Metastate_Q34;Швеция;Q34;2;1.01.1905;;по наст. время;;;;
Metastate_Q39;Швейцария;Q13590051;2;1.01.411;2;1.01.534;;;;
Metastate_Q39;Швейцария;Q146246;2;1.01.481;2;1.01.843;;;;
Metastate_Q39;Швейцария;Q468902;2;1.01.843;2;1.01.855;;;;
Metastate_Q39;Швейцария;Q153080;2;1.01.843;2;1.01.962;;;;
Metastate_Q39;Швейцария;Q12548;3;1.01.1000;2;1.01.1291;;;;
Metastate_Q39;Швейцария;Q435583;2;1.01.1291;2;1.01.1798;;;;
Metastate_Q39;Швейцария;Q206696;2;1.01.1798;2;1.01.1803;;;;
Metastate_Q39;Швейцария;Q39;2;1.01.1803;;по наст. время;;;;
Metastate_Q237;Ватикан;Q17167;2;-1.01.509;2;-1.01.27;;;;
Metastate_Q237;Ватикан;Q2277;2;-1.01.27;2;1.01.476;;;;
Metastate_Q237;Ватикан;Q12544;2;1.01.476;2;1.01.493;;;;
Metastate_Q237;Ватикан;Q583038;2;1.01.493;2;1.01.533;;;;
Metastate_Q237;Ватикан;Q12544;2;1.01.533;2;1.01.754;;;;
Metastate_Q237;Ватикан;Q170174;2;1.01.754;2;1.01.1798;;;;
Metastate_Q237;Ватикан;Q170174;2;1.01.1799;2;1.01.1870;;;;
Metastate_Q237;Ватикан;Q175881;2;1.01.1798;2;1.01.1799;;;;
Metastate_Q237;Ватикан;Q172579;2;1.01.1870;2;1.01.1929;;;;
Metastate_Q237;Ватикан;Q237;2;1.01.1929;;по наст. время;;;;
Metastate_Q414;Аргентина;Q211435;2;1.01.1542;2;1.01.1776;;;;
Metastate_Q414;Аргентина;Q210551;2;1.01.1776;2;1.01.1810;;;;
Metastate_Q414;Аргентина;Q738144;2;1.01.1810;2;1.01.1831;;;;
Metastate_Q414;Аргентина;Q832554;2;1.01.1831;2;1.01.1861;;;;
Metastate_Q414;Аргентина;Q414;2;1.01.1861;;по наст. время;;;;
Metastate_Q750;Боливия;Q3772548;2;1.01.1528;2;1.01.1542;;;;
Metastate_Q750;Боливия;Q211435;2;1.01.1542;2;1.01.1776;;;;
Metastate_Q750;Боливия;Q210551;2;1.01.1776;2;1.01.1810;;;;
Metastate_Q750;Боливия;Q211435;2;1.01.1810;2;1.01.1825;;;;
Metastate_Q750;Боливия;Q750;2;1.01.1825;;по наст. время;;;;
Metastate_Q155;Бразилия;Q2088324;2;1.01.1500;2;1.01.1815;;;;
Metastate_Q155;Бразилия;Q903779;2;1.01.1815;2;1.01.1822;;;;
Metastate_Q155;Бразилия;Q217230;2;1.01.1822;2;1.01.1889;;;;
Metastate_Q155;Бразилия;Q2414171;2;1.01.1889;2;1.01.1937;;;;
Metastate_Q155;Бразилия;Q210542;2;1.01.1937;2;1.01.1967;;;;
Metastate_Q155;Бразилия;Q155;2;1.01.1967;;по наст. время;;;;
Metastate_Q298;Чили;Q763808;2;1.01.1542;2;1.01.1818;;;;
Metastate_Q298;Чили;Q298;2;1.01.1818;;по наст. время;;;;
Metastate_Q739;Колумбия;Q3772548;2;1.01.1528;2;1.01.1542;;;;
Metastate_Q739;Колумбия;Q211435;2;1.01.1542;2;1.01.1776;;;;
Metastate_Q739;Колумбия;Q8965;2;1.01.1717;2;1.01.1819;;;;
Metastate_Q739;Колумбия;Q199821;2;1.01.1819;2;1.01.1831;;;;
Metastate_Q739;Колумбия;Q630882;2;1.01.1831;2;1.01.1858;;;;
Metastate_Q739;Колумбия;Q1141215;2;1.01.1858;2;1.01.1863;;;;
Metastate_Q739;Колумбия;Q1061488;2;1.01.1863;2;1.01.1886;;;;
Metastate_Q739;Колумбия;Q739;2;1.01.1886;;по наст. время;;;;
Metastate_Q736;Эквадор;Q3772548;2;1.01.1528;2;1.01.1542;;;;
Metastate_Q736;Эквадор;Q211435;2;1.01.1542;2;1.01.1776;;;;
Metastate_Q736;Эквадор;Q8965;2;1.01.1717;2;1.01.1822;;;;
Metastate_Q736;Эквадор;Q199821;2;1.01.1822;2;1.01.1830;;;;
Metastate_Q736;Эквадор;Q736;2;1.01.1830;;по наст. время;;;;
Metastate_Q734;Гайана;Q1368792;2;1.01.1616;2;1.01.1815;;;;
Metastate_Q734;Гайана;Q675322;2;1.01.1627;2;1.01.1815;;;;
Metastate_Q734;Гайана;Q1185346;2;1.01.1745;2;1.01.1815;;;;
Metastate_Q734;Гайана;Q918126;2;1.01.1814;2;1.01.1966;;;;
Metastate_Q734;Гайана;Q5622720;2;1.01.1966;2;1.01.1970;;;;
Metastate_Q734;Гайана;Q734;2;1.01.1970;;по наст. время;;;;
Metastate_Q804;Панама;Q3772548;2;1.01.1528;2;1.01.1542;;;;
Metastate_Q804;Панама;Q211435;2;1.01.1542;2;1.01.1776;;;;
Metastate_Q804;Панама;Q8965;2;1.01.1717;2;1.01.1819;;;;
Metastate_Q804;Панама;Q199821;2;1.01.1819;2;1.01.1831;;;;
Metastate_Q804;Панама;Q630882;2;1.01.1831;2;1.01.1858;;;;
Metastate_Q804;Панама;Q1141215;2;1.01.1858;2;1.01.1863;;;;
Metastate_Q804;Панама;Q1061488;2;1.01.1863;2;1.01.1886;;;;
Metastate_Q804;Панама;Q739;2;1.01.1886;2;1.01.1903;;;;
Metastate_Q804;Панама;Q804;2;1.01.1903;;по наст. время;;;;
Metastate_Q733;Парагвай;Q210551;2;1.01.1776;2;1.01.1814;;;;
Metastate_Q733;Парагвай;Q733;2;1.01.1814;;по наст. время;;;;
Metastate_Q419;Перу;Q28573;2;1.01.1438;2;1.01.1533;;;;
Metastate_Q419;Перу;Q119695;2;1.01.1528;2;1.01.1542;;;;
Metastate_Q419;Перу;Q3772548;2;1.01.1528;2;1.01.1542;;;;
Metastate_Q419;Перу;Q211435;2;1.01.1542;2;1.01.1824;;;;
Metastate_Q419;Перу;Q419;2;1.01.1824;;по наст. время;;;;
Metastate_Q730;Суринам;Q7646305;2;1.01.1630;2;1.01.1954;;;;
Metastate_Q730;Суринам;Q19901436;2;1.01.1954;2;1.01.1975;;;;
Metastate_Q730;Суринам;Q730;2;1.01.1975;;по наст. время;;;;
Metastate_Q754;Тринидад и Тобаго;Q8965;2;1.01.1717;2;1.01.1797;;;;
Metastate_Q754;Тринидад и Тобаго;Q920396;2;1.01.1797;2;1.01.1962;;;;
Metastate_Q754;Тринидад и Тобаго;Q7842409;2;1.01.1962;2;1.01.1976;;;;
Metastate_Q754;Тринидад и Тобаго;Q754;2;1.01.1976;;по наст. время;;;;
Metastate_Q77;Уругвай;Q738144;2;1.01.1810;2;1.01.1816;;;;
Metastate_Q77;Уругвай;Q903779;2;1.01.1816;2;1.01.1822;;;;
Metastate_Q77;Уругвай;Q217230;2;1.01.1822;2;1.01.1828;;;;
Metastate_Q77;Уругвай;Q77;2;1.01.1828;;по наст. время;;;;
Metastate_Q717;Венесуэла;Q170603;2;1.01.1521;2;1.01.1717;;;;
Metastate_Q717;Венесуэла;Q8965;2;1.01.1717;2;1.01.1777;;;;
Metastate_Q717;Венесуэла;Q10463;2;1.01.1777;2;1.01.1821;;;;
Metastate_Q717;Венесуэла;Q199821;2;1.01.1821;2;1.01.1830;;;;
Metastate_Q717;Венесуэла;Q39501433;2;1.01.1830;2;1.01.1864;;;;
Metastate_Q717;Венесуэла;Q5848651;2;1.01.1864;2;1.01.1953;;;;
Metastate_Q717;Венесуэла;Q21296156;2;1.01.1953;2;1.01.1999;;;;
Metastate_Q717;Венесуэла;Q717;2;1.01.1999;;по наст. время;;;;
Metastate_Q781;Антигуа и Барбуда;Q1796551;2;1.01.1671;2;1.01.1816;;;;
Metastate_Q781;Антигуа и Барбуда;Q1796551;2;1.01.1833;2;1.01.1958;;;;
Metastate_Q781;Антигуа и Барбуда;Q652560;2;1.01.1958;2;1.01.1962;;;;
Metastate_Q781;Антигуа и Барбуда;Q22007334;2;1.01.1962;2;1.01.1981;;;;
Metastate_Q781;Антигуа и Барбуда;Q781;2;1.01.1981;;по наст. время;;;;
Metastate_Q778;Багамские Острова;Q179876;2;1.01.1648;2;1.01.1717;;;;
Metastate_Q778;Багамские Острова;Q21815597;2;1.01.1717;2;1.01.1973;;;;
Metastate_Q778;Багамские Острова;Q778;2;1.01.1973;;по наст. время;;;;
Metastate_Q244;Барбадос;Q63973349;2;1.01.1625;2;1.01.1966;;;;
Metastate_Q244;Барбадос;Q652560;2;1.01.1958;2;1.01.1962;;;;
Metastate_Q244;Барбадос;Q244;2;1.01.1966;;по наст. время;;;;
Metastate_Q242;Белиз;Q1643555;2;1.01.1862;2;1.01.1981;;;;
Metastate_Q242;Белиз;Q242;2;1.01.1981;;по наст. время;;;;
Metastate_Q800;Коста-Рика;Q2077243;2;1.01.1609;2;1.01.1821;;;;
Metastate_Q800;Коста-Рика;Q285658;2;1.01.1821;2;1.01.1823;;;;
Metastate_Q800;Коста-Рика;Q190025;2;1.01.1823;2;1.01.1838;;;;
Metastate_Q800;Коста-Рика;Q800;2;1.01.1838;;по наст. время;;;;
Metastate_Q241;Куба;Q2919465;2;1.01.1512;2;1.01.1607;;;;
Metastate_Q241;Куба;Q2039931;2;1.01.1607;2;1.01.1898;;;;
Metastate_Q241;Куба;Q7891201;2;1.01.1898;2;1.01.1902;;;;
Metastate_Q241;Куба;Q241;2;1.01.1902;;по наст. время;;;;
Metastate_Q784;Доминика;Q1796551;2;1.01.1871;2;1.01.1958;;;;
Metastate_Q784;Доминика;Q652560;2;1.01.1958;2;1.01.1962;;;;
Metastate_Q784;Доминика;Q7985529;2;1.01.1962;2;1.01.1978;;;;
Metastate_Q784;Доминика;Q784;2;1.01.1978;;по наст. время;;;;
Metastate_Q786;Доминиканская Республика;Q2919465;2;1.01.1492;2;1.01.1795;;;;
Metastate_Q786;Доминиканская Республика;Q11681694;2;1.01.1821;2;1.01.1822;;;;
Metastate_Q786;Доминиканская Республика;Q95408244;2;1.01.1822;2;1.01.1844;;;;
Metastate_Q786;Доминиканская Республика;Q51545918;2;1.01.1844;2;1.01.1861;;;;
Metastate_Q786;Доминиканская Республика;Q29;2;1.01.1861;2;1.01.1865;;;;
Metastate_Q786;Доминиканская Республика;Q786;2;1.01.1865;;по наст. время;;;;
Metastate_Q792;Сальвадор;Q2077243;2;1.01.1609;2;1.01.1821;;;;
Metastate_Q792;Сальвадор;Q285658;2;1.01.1821;2;1.01.1823;;;;
Metastate_Q792;Сальвадор;Q190025;2;1.01.1823;2;1.01.1841;;;;
Metastate_Q792;Сальвадор;Q792;2;1.01.1841;;по наст. время;;;;
Metastate_Q769;Гренада;Q21022;2;1.01.1649;2;1.01.1763;;;;
Metastate_Q769;Гренада;Q2660774;2;1.01.1763;2;1.01.1958;;;;
Metastate_Q769;Гренада;Q652560;2;1.01.1958;2;1.01.1962;;;;
Metastate_Q769;Гренада;Q769;2;1.01.1974;;по наст. время;;;;
Metastate_Q774;Гватемала;Q2077243;2;1.01.1609;2;1.01.1821;;;;
Metastate_Q774;Гватемала;Q285658;2;1.01.1821;2;1.01.1823;;;;
Metastate_Q774;Гватемала;Q190025;2;1.01.1823;2;1.01.1839;;;;
Metastate_Q774;Гватемала;Q774;2;1.01.1839;;по наст. время;;;;
Metastate_Q790;Республика Гаити;Q861551;2;1.01.1625;2;1.01.1804;;;;
Metastate_Q790;Республика Гаити;Q2006756;2;1.01.1804;2;1.01.1806;;;;
Metastate_Q790;Республика Гаити;Q2150951;2;1.01.1806;2;1.01.1811;;;;
Metastate_Q790;Республика Гаити;Q1472105;2;1.01.1811;2;1.01.1820;;;;
Metastate_Q790;Республика Гаити;Q95408244;2;1.01.1820;2;1.01.1849;;;;
Metastate_Q790;Республика Гаити;Q2979717;2;1.01.1849;2;1.01.1859;;;;
Metastate_Q790;Республика Гаити;Q790;2;1.01.1859;;по наст. время;;;;
Metastate_Q783;Гондурас;Q2077243;2;1.01.1609;2;1.01.1821;;;;
Metastate_Q783;Гондурас;Q285658;2;1.01.1821;2;1.01.1823;;;;
Metastate_Q783;Гондурас;Q190025;2;1.01.1823;2;1.01.1838;;;;
Metastate_Q783;Гондурас;Q783;2;1.01.1838;;по наст. время;;;;
Metastate_Q766;Ямайка;Q2526023;2;1.01.1655;2;1.01.1962;;;;
Metastate_Q766;Ямайка;Q766;2;1.01.1962;;по наст. время;;;;
Metastate_Q96;Мексика;Q170603;2;1.01.1521;2;1.01.1821;;;;
Metastate_Q96;Мексика;Q285658;2;1.01.1821;2;1.01.1823;;;;
Metastate_Q96;Мексика;Q288200;2;1.01.1823;2;1.01.1824;;;;
Metastate_Q96;Мексика;Q1109279;2;1.01.1824;2;1.01.1835;;;;
Metastate_Q96;Мексика;Q5062192;2;1.01.1835;2;1.01.1846;;;;
Metastate_Q96;Мексика;Q7443295;2;1.01.1846;2;1.01.1863;;;;
Metastate_Q96;Мексика;Q371334;2;1.01.1863;2;1.01.1867;;;;
Metastate_Q96;Мексика;Q96;2;1.01.1867;;по наст. время;;;;
Metastate_Q811;Никарагуа;Q2077243;2;1.01.1609;2;1.01.1821;;;;
Metastate_Q811;Никарагуа;Q285658;2;1.01.1821;2;1.01.1823;;;;
Metastate_Q811;Никарагуа;Q190025;2;1.01.1823;2;1.01.1838;;;;
Metastate_Q811;Никарагуа;Q811;2;1.01.1838;;по наст. время;;;;
Metastate_Q763;Сент-Китс и Невис;Q1796551;2;1.01.1623;2;1.01.1882;;;;
Metastate_Q763;Сент-Китс и Невис;Q1637975;2;1.01.1882;2;1.01.1958;;;;
Metastate_Q763;Сент-Китс и Невис;Q652560;2;1.01.1958;2;1.01.1962;;;;
Metastate_Q763;Сент-Китс и Невис;Q1637975;2;1.01.1962;2;1.01.1983;;;;
Metastate_Q763;Сент-Китс и Невис;Q763;2;1.01.1983;;по наст. время;;;;
Metastate_Q760;Сент-Люсия;Q2660774;2;1.01.1814;2;1.01.1958;;;;
Metastate_Q760;Сент-Люсия;Q652560;2;1.01.1958;2;1.01.1962;;;;
Metastate_Q760;Сент-Люсия;Q760;2;1.01.1979;;по наст. время;;;;
Metastate_Q757;Сент-Винсент и Гренадины;Q2660774;2;1.01.1763;2;1.01.1958;;;;
Metastate_Q757;Сент-Винсент и Гренадины;Q652560;2;1.01.1958;2;1.01.1962;;;;
Metastate_Q757;Сент-Винсент и Гренадины;Q757;2;1.01.1979;;по наст. время;;;;
Metastate_Q408;Австралия;Q18348382;2;1.01.1788;2;1.01.1901;;;;
Metastate_Q408;Австралия;Q1780114;2;1.01.1825;2;1.01.1856;;;;
Metastate_Q408;Австралия;Q5148519;2;1.01.1856;2;1.01.1901;;;;
Metastate_Q408;Австралия;Q286845;2;1.01.1829;2;1.01.1901;;;;
Metastate_Q408;Австралия;Q3136886;2;1.01.1836;2;1.01.1901;;;;
Metastate_Q408;Австралия;Q36687;2;1.01.1851;2;1.01.1901;;;;
Metastate_Q408;Австралия;Q36074;2;1.01.1859;2;1.01.1901;;;;
Metastate_Q408;Австралия;Q408;2;1.01.1901;;по наст. время;;;;
Metastate_Q712;Фиджи;Q17515160;2;1.01.1871;2;1.01.1874;;;;
Metastate_Q712;Фиджи;Q5148320;2;1.01.1874;2;1.01.1970;;;;
Metastate_Q712;Фиджи;Q5291089;2;1.01.1970;2;1.01.1987;;;;
Metastate_Q712;Фиджи;Q712;2;1.01.1987;;по наст. время;;;;
Metastate_Q710;Кирибати;Q1050859;2;1.01.1892;2;1.01.1976;;;;
Metastate_Q710;Кирибати;Q710;2;1.01.1976;;по наст. время;;;;
Metastate_Q709;Маршалловы Острова;Q165008;2;1.01.1884;2;1.01.1919;;;;
Metastate_Q709;Маршалловы Острова;Q718763;2;1.01.1919;2;1.01.1947;;;;
Metastate_Q709;Маршалловы Острова;Q129237;2;1.01.1947;2;1.01.1994;;;;
Metastate_Q709;Маршалловы Острова;Q709;2;1.01.1979;;по наст. время;;;;
Metastate_Q702;Микронезия;Q910648;2;1.01.1565;2;1.01.1898;;;;
Metastate_Q702;Микронезия;Q165008;2;1.01.1884;2;1.01.1919;;;;
Metastate_Q702;Микронезия;Q718763;2;1.01.1919;2;1.01.1947;;;;
Metastate_Q702;Микронезия;Q129237;2;1.01.1947;2;1.01.1994;;;;
Metastate_Q702;Микронезия;Q702;2;1.01.1979;;по наст. время;;;;
Metastate_Q697;Науру;Q165008;2;1.01.1884;2;1.01.1919;;;;
Metastate_Q697;Науру;Q1545934;2;1.01.1914;2;1.01.1942;;;;
Metastate_Q697;Науру;Q2072172;2;1.01.1942;2;1.01.1945;;;;
Metastate_Q697;Науру;Q985073;2;1.01.1947;2;1.01.1968;;;;
Metastate_Q697;Науру;Q697;2;1.01.1968;;по наст. время;;;;
Metastate_Q664;Новая Зеландия;Q18348382;2;1.01.1788;2;1.01.1901;;;;
Metastate_Q664;Новая Зеландия;Q5148518;2;1.01.1841;2;1.01.1907;;;;
Metastate_Q664;Новая Зеландия;Q2594990;2;1.01.1907;2;1.01.1947;;;;
Metastate_Q664;Новая Зеландия;Q664;2;1.01.1947;;по наст. время;;;;
Metastate_Q695;Палау;Q910648;2;1.01.1565;2;1.01.1898;;;;
Metastate_Q695;Палау;Q165008;2;1.01.1884;2;1.01.1919;;;;
Metastate_Q695;Палау;Q718763;2;1.01.1919;2;1.01.1947;;;;
Metastate_Q695;Палау;Q129237;2;1.01.1947;2;1.01.1994;;;;
Metastate_Q695;Палау;Q695;2;1.01.1994;;по наст. время;;;;
Metastate_Q691;Папуа — Новая Гвинея;Q530560;2;1.01.1885;2;1.01.1975;;;;
Metastate_Q691;Папуа — Новая Гвинея;Q165008;2;1.01.1884;2;1.01.1919;;;;
Metastate_Q691;Папуа — Новая Гвинея;Q1443945;2;1.01.1919;2;1.01.1975;;;;
Metastate_Q691;Папуа — Новая Гвинея;Q2301972;2;1.01.1949;2;1.01.1975;;;;
Metastate_Q691;Папуа — Новая Гвинея;Q691;2;1.01.1975;;по наст. время;;;;
Metastate_Q683;Самоа;Q701025;2;1.01.1900;2;1.01.1920;;;;
Metastate_Q683;Самоа;Q7988268;2;1.01.1920;2;1.01.1962;;;;
Metastate_Q683;Самоа;Q1545934;2;1.01.1920;2;1.01.1962;;;;
Metastate_Q683;Самоа;Q683;2;1.01.1962;;по наст. время;;;;
Metastate_Q685;Соломоновы Острова;Q165008;2;1.01.1884;2;1.01.1919;;;;
Metastate_Q685;Соломоновы Острова;Q13410267;2;1.01.1893;2;1.01.1978;;;;
Metastate_Q685;Соломоновы Острова;Q685;2;1.01.1978;;по наст. время;;;;
Metastate_Q678;Тонга;Q678;2;1.01.1845;;по наст. время;;;;
Metastate_Q672;Тувалу;Q1050859;2;1.01.1892;2;1.01.1976;;;;
Metastate_Q672;Тувалу;Q672;2;1.01.1976;;по наст. время;;;;
Metastate_Q686;Вануату;Q5479650;2;1.01.1889;2;1.01.1890;;;;
Metastate_Q686;Вануату;Q752431;2;1.01.1906;2;1.01.1980;;;;
Metastate_Q686;Вануату;Q686;2;1.01.1980;;по наст. время;;;;
Metastate_Q232;Казахстан;Q79965;2;1.01.1243;2;1.01.1459;;;;
Metastate_Q232;Казахстан;Q1433867;2;01.01.1465;2;01.01.1847;;;;
Metastate_Q232;Казахстан;Q640998;2;01.01.1718;2;01.01.1750;;;;
Metastate_Q232;Казахстан;Q1641396;2;01.01.1719;2;01.01.1824;;;;
Metastate_Q232;Казахстан;Q1641409;2;01.01.1718;2;01.01.1824;;;;
Metastate_Q232;Казахстан;Q34266;2;01.01.1730;;1.09.1917;;;;
Metastate_Q232;Казахстан;Q4221184;;7131;;7544;;;;
Metastate_Q232;Казахстан;Q2600170;;7544;;9298;;;;
Metastate_Q232;Казахстан;Q2332797;;9298;;13489;;;;
Metastate_Q232;Казахстан;Q168811;;13489;;33588;;;;
Metastate_Q232;Казахстан;Q232;;33588;;по наст. время;;;;
Metastate_Q17;Япония;Q17;;-11.02.660;;3.01.1868;;;;
Metastate_Q17;Япония;Q188712;;3.01.1868;;3.05.1947;;;;
Metastate_Q17;Япония;Q17;;3.05.1947;;по наст. время;;;;
Metastate_Q17;Япония;Q736839;2;1.01.1192;2;1.01.1333;;;;
Metastate_Q17;Япония;Q826021;2;1.01.1333;2;1.01.1336;;;;
Metastate_Q17;Япония;Q1154406;2;1.01.1338;2;1.01.1573;;;;
Metastate_Q17;Япония;Q319531;2;1.01.1578;;18.09.1598;;;;
Metastate_Q17;Япония;Q205662;2;1.01.1603;2;1.01.1868;;;;
Metastate_Q200686;Франция;Q201038;2;-1.1.753;2;-1.1.509;;;;
Metastate_Q200686;Франция;Q2277;;-16.01.27;;17.01.395;;;;
Metastate_Q200686;Франция;Q42834;;17.01.395;;4.09.476;;;;
Metastate_Q200686;Франция;Q273025;2;1.1.260;3;1.1.271;;;;
Metastate_Q200686;Франция;Q1247508;3;1.01.457;2;1.01.486;;;;
Metastate_Q200686;Франция;Q146246;2;1.01.481;2;11.08.843;;;;
Metastate_Q200686;Франция;Q46370;;11.08.843;;22.05.987;;;;
Metastate_Q200686;Франция;Q70972;;3.07.987;;4.09.1791;;;;
Metastate_Q200686;Франция;Q69323;;4.09.1791;;21.09.1792;;;;
Metastate_Q200686;Франция;Q58296;;20.09.1792;;9.11.1799;;;;
Metastate_Q200686;Франция;Q877619;;9.11.1799;;18.05.1804;;;;
Metastate_Q200686;Франция;Q71084;;18.05.1804;;6.04.1814;;;;
Metastate_Q200686;Франция;Q207162;;6.04.1814;;20.03.1815;;;;
Metastate_Q200686;Франция;Q71084;;20.03.1815;;7.07.1815;;;;
Metastate_Q200686;Франция;Q207162;;16.09.1824;;27.07.1830;;;;
Metastate_Q200686;Франция;Q58202;;27.07.1830;;24.02.1848;;;;
Metastate_Q200686;Франция;Q58326;;24.02.1848;;2.12.1852;;;;
Metastate_Q200686;Франция;Q71092;;2.12.1852;;4.09.1870;;;;
Metastate_Q200686;Франция;Q70802;;4.09.1870;;11.07.1940;;;;
Metastate_Q200686;Франция;Q69808;;11.07.1940;;25.08.1944;;;;
Metastate_Q200686;Франция;Q2748708;;25.10.1940;;25.08.1944;;;;
Metastate_Q200686;Франция;Q783684;;3.06.1944;;27.10.1946;;;;
Metastate_Q200686;Франция;Q69829;;27.10.1946;;4.10.1958;;;;
Metastate_Q200686;Франция;Q200686;;4.10.1958;;по наст. время;;;;
Metastate_Q184;Белоруссия;Q517333;4;01.01.901;2;01.01.1130;;;;
Metastate_Q184;Белоруссия;Q2596884;2;01.01.1101;3;01.01.1301;;;;
Metastate_Q184;Белоруссия;Q671362;2;01.01.988;2;01.01.1207;;;;
Metastate_Q184;Белоруссия;Q281961;3;01.01.1183;4;01.01.1262;;;;
Metastate_Q184;Белоруссия;Q49683;3;01.01.1236;;25.11.1795;;;;
Metastate_Q184;Белоруссия;Q172107;;01.07.1569;;24.10.1795;;;;
Metastate_Q184;Белоруссия;Q221457;;03.05.1815;2;01.01.1915;;;;
Metastate_Q184;Белоруссия;Q34266;2;01.01.1772;;1.09.1917;;;;
Metastate_Q184;Белоруссия;Q842199;;09.03.1918;;03.12.1918;;;;
Metastate_Q184;Белоруссия;Q68678;;31.12.1918;;29.12.1922;;;;
Metastate_Q184;Белоруссия;Q76236;;27.02.1919;;19.07.1919;;;;
Metastate_Q184;Белоруссия;Q2895;;30.12.1922;;19.09.1991;;;;
Metastate_Q184;Белоруссия;Q184;;19.09.1991;;по наст. время;;;;
Metastate_Q184;Белоруссия;Q2331803;;01.09.1941;;03.07.1944;;;;
Metastate_Q145;Великобритания;Q1991742;2;1.1.843;;19.03.1286;;;;
Metastate_Q145;Великобритания;Q230791;;19.03.1286;;1.05.1707;;;;
Metastate_Q145;Великобритания;Q105313;3;01.01.924;2;01.01.928;;;;
Metastate_Q145;Великобритания;Q179876;2;01.01.928;;1.05.1707;;;;
Metastate_Q145;Великобритания;Q330362;;16.12.1653;;25.05.1659;;;;
Metastate_Q145;Великобритания;Q161885;;1.05.1707;;1.01.1801;;;;
Metastate_Q145;Великобритания;Q174193;;1.01.1801;;5.12.1922;;;;
Metastate_Q145;Великобритания;Q145;;05.12.1922;;по наст. время;;;;
Metastate_Q183;Германия;Q153080;;11.08.843;;20.09.911;;;;
Metastate_Q183;Германия;Q150907;;28.08.876;;20.01.882;;;;
Metastate_Q183;Германия;Q100707543;;28.08.876;;22.09.880;;;;
Metastate_Q183;Германия;Q11812551;;28.08.876;;20.01.882;;;;
Metastate_Q183;Германия;Q175211;;10.11.911;;07.07.1792;;;;
Metastate_Q183;Германия;Q154741;;12.07.1806;;4.11.1813;;;;
Metastate_Q183;Германия;Q151624;;20.06.1815;;24.08.1866;;;;
Metastate_Q183;Германия;Q150981;;1.07.1867;;18.01.1871;;;;
Metastate_Q183;Германия;Q43287;;18.01.1871;;9.11.1918;;;;
Metastate_Q183;Германия;Q41304;;11.11.1918;;2.08.1934;;;;
Metastate_Q183;Германия;Q7318;;2.08.1934;;23.05.1945;;;;
Metastate_Q183;Германия;Q713750;;7.09.1949;;3.10.1990;;;;
Metastate_Q183;Германия;Q16957;;7.10.1949;;2.10.1990;;;;
Metastate_Q183;Германия;Q183;;3.10.1990;;по наст. время;;;;
Metastate_Q38;Италия;Q201038;2;-1.1.753;2;-1.1.509;;;;
Metastate_Q38;Италия;Q2277;;-16.01.27;;17.01.395;;;;
Metastate_Q38;Италия;Q42834;;17.01.395;;4.09.476;;;;
Metastate_Q38;Италия;Q100918356;;4.09.476;;15.03.493;;;;
Metastate_Q38;Италия;Q583038;2;1.1.493;1;1.10.552;;;;
Metastate_Q38;Италия;Q854415;2;1.1.566;2;1.1.781;;;;
Metastate_Q38;Италия;Q838931;;15.04.781;2;1.1.964;;;;
Metastate_Q38;Италия;Q12548;2;1.01.961;;6.08.1806;;;;
Metastate_Q38;Италия;Q1917014;2;1.1.1072;;27.09.1130;;;;
Metastate_Q38;Италия;Q188586;;27.09.1130;;8.12.1816;;;;
Metastate_Q38;Италия;Q723118;;26.01.1802;;17.03.1805;;;;
Metastate_Q38;Италия;Q223936;;17.03.1805;;11.04.1814;;;;
Metastate_Q38;Италия;Q180393;;8.12.1816;;20.03.1861;;;;
Metastate_Q38;Италия;Q172579;;17.03.1861;;2.06.1946;;;;
Metastate_Q38;Италия;Q153660;;23.09.1943;;28.04.1945;;;;
Metastate_Q38;Италия;Q38;;02.06.1946;;по наст. время;;;;
Metastate_Q38;Италия;Q3932080;2;01.01.1324;;17.02.1720;;;;
Metastate_Q38;Италия;Q165154;;17.02.1720;;17.03.1861;;;;
Metastate_Q38;Италия;Q173065;2;01.01.1282;;08.12.1816;;;;
Metastate_Q38;Италия;Q1232887;2;01.01.1032;2;01.01.1416;;;;
Metastate_Q38;Италия;Q426025;2;01.01.1416;;17.03.1861;;;;
Metastate_Q38;Италия;Q100982791;1;01.09.1042;2;01.01.1059;;;;
Metastate_Q38;Италия;Q3715874;2;01.01.1059;;24.12.1193;;;;
Metastate_Q38;Италия;Q209857;2;01.01.1815;;12.10.1866;;;;
Metastate_Q29;Испания;Q2277;;-16.01.27;;17.01.395;;;;
Metastate_Q29;Испания;Q42834;;17.01.395;;4.09.476;;;;
Metastate_Q29;Испания;Q23693;2;1.01.395;2;1.01.415;;;;
Metastate_Q29;Испания;Q126936;2;1.01.415;2;1.01.721;;;;
Metastate_Q29;Испания;Q836676;2;1.01.1231;2;1.01.1344;;;;
Metastate_Q29;Испания;Q199442;1;1.02.1035;;23.01.1516;;;;
Metastate_Q29;Испания;Q179293;;27.12.1065;;23.09.1230;;;;
Metastate_Q29;Испания;Q217196;;23.09.1230;;1.11.1700;;;;
Metastate_Q29;Испания;Q142417;;28.09.1238;;1.11.1700;;;;
Metastate_Q29;Испания;Q3446210;4;1.01.840;2;1.01.905;;;;
Metastate_Q29;Испания;Q200262;2;1.01.905;2;01.01.1620;;;;
Metastate_Q29;Испания;Q303421;2;01.01.409;;11.12.1230;;;;
Metastate_Q29;Испания;Q231392;2;01.01.718;2;01.01.924;;;;
Metastate_Q29;Испания;Q175276;2;01.01.910;;11.12.1230;;;;
Metastate_Q29;Испания;Q600093;;27.01.1516;;01.11.1700;;;;
Metastate_Q29;Испания;Q100996744;;01.11.1700;;06.05.1808;;;;
Metastate_Q29;Испания;Q1709185;;06.05.1808;;11.12.1813;;;;
Metastate_Q29;Испания;Q100997640;;11.12.1813;;11.02.1873;;;;
Metastate_Q29;Испания;Q497777;;12.02.1873;;30.12.1874;;;;
Metastate_Q29;Испания;Q1044536;;29.12.1874;;14.04.1931;;;;
Metastate_Q29;Испания;Q178038;;14.04.1931;;03.03.1939;;;;
Metastate_Q29;Испания;Q13474305;;1.10.1936;;20.11.1975;;;;
Metastate_Q29;Испания;Q29;;22.11.1975;;по наст. время;;;;
Metastate_Q79965;Золотая Орда;Q79965;2;1.01.1243;2;1.01.1459;;;;
Metastate_Q79965;Золотая Орда;Q2341105;2;1.01.1432;2;1.01.1502;;;;
Metastate_Q16;Канада;Q170604;;24.07.1534;;10.02.1763;;;;
Metastate_Q16;Канада;Q251668;;10.02.1763;;26.12.1791;;;;
Metastate_Q16;Канада;Q7721124;;26.12.1791;;10.02.1841;;;;
Metastate_Q16;Канада;Q1121436;;10.02.1841;;01.07.1867;;;;
Metastate_Q16;Канада;Q3456436;;22.02.1838;;9.11.1838;;;;
Metastate_Q16;Канада;Q16;;01.07.1867;;по наст. время;;;;
Metastate_Q36;Польша;Q5124786;2;01.01.960;;18.04.1025;;;;
Metastate_Q36;Польша;Q8890160;;18.04.1025;;01.07.1569;;;;
Metastate_Q36;Польша;Q172107;;01.07.1569;;24.10.1795;;;;
Metastate_Q36;Польша;Q171348;;01.07.1569;;25.11.1795;;;;
Metastate_Q36;Польша;Q152115;;22.07.1807;;22.05.1815;;;;
Metastate_Q36;Польша;Q2396442;;20.10.1740;;11.11.1918;;;;
Metastate_Q36;Польша;Q221457;2;01.01.1815;;02.03.1917;;;;
Metastate_Q36;Польша;Q696908;;14.01.1917;;11.11.1918;;;;
Metastate_Q36;Польша;Q207272;;11.12.1922;;30.09.1939;;;;
Metastate_Q36;Польша;Q156111;;26.10.1939;;18.01.1945;;;;
Metastate_Q36;Польша;Q211274;;31.12.1943;;31.12.1989;;;;
Metastate_Q36;Польша;Q36;;31.12.1989;;по наст. время;;;;
Metastate_Q12548;Священная Римская империя;Q12548;;2.02.962;;6.08.1806;;;;
Metastate_Q159;Россия;Q1392840;2;1.01.862;2;1.01.882;;;;
Metastate_Q159;Россия;Q1108445;2;1.01.882;;14.11.1263;;;;
Metastate_Q159;Россия;Q83546;;4.06.1157;;27.02.1425;;;;
Metastate_Q159;Россия;Q170770;2;1.01.1263;;16.01.1547;;;;
Metastate_Q159;Россия;Q84314069;;16.01.1547;;22.10.1721;;;;
Metastate_Q159;Россия;Q34266;;22.10.1721;;1.09.1917;;;;
Metastate_Q159;Россия;Q139319;;1.09.1917;;25.10.1917;;;;
Metastate_Q159;Россия;Q2184;;25.10.1917;;25.12.1991;;;;
Metastate_Q159;Россия;Q15180;;30.12.1922;;26.12.1991;;;;
Metastate_Q159;Россия;Q159;;25.12.1991;;по наст. время;;;;
Metastate_Q159;Россия;Q4398229;;23.09.1918;;7.02.1920;;;;
Metastate_Q159;Россия;Metastate_Q79965;4;1.01.1201;2;1.01.1480;;;;
Metastate_Q30;Соединённые Штаты Америки;Q30;;04.07.1776;;по наст. время;;;;
Metastate_Q30;Соединённые Штаты Америки;Q81931;;04.02.1861;;10.05.1865;;;;
Metastate_Q43;Турция;Q4496560;4;-01.01.2300;4;-01.01.1800;;;;
Metastate_Q43;Турция;Q13053139;4;-01.01.1800;3;-01.01.1178;;;;
Metastate_Q43;Турция;Q32579;4;-01.01.1526;3;-01.01.546;;;;
Metastate_Q43;Турция;Q620765;2;-01.01.795;4;-01.01.301;;;;
Metastate_Q43;Турция;Q7380487;2;-01.01.281;2;01.01.64;;;;
Metastate_Q43;Турция;Q217265;4;-01.01.350;4;-01.01.334;;;;
Metastate_Q43;Турция;Q29654286;2;-01.01.331;2;01.01.17;;;;
Metastate_Q43;Турция;Q373189;4;-01.01.376;2;-01.01.74;;;;
Metastate_Q43;Турция;Q2277;;-16.01.27;;17.01.395;;;;
Metastate_Q43;Турция;Q12544;;11.05.330;;29.05.1453;;;;
Metastate_Q43;Турция;Q975405;2;1.01.1077;2;1.01.1308;;;;
Metastate_Q43;Турция;Q4338046;2;1.01.1277;2;1.01.1299;;;;
Metastate_Q43;Турция;Q12560;2;1.01.1299;;18.11.1922;;;;
Metastate_Q43;Турция;Q131401;;03.07.1918;;03.03.1924;;;;
Metastate_Q43;Турция;Q43;;29.10.1923;;по наст. время;;;;
Metastate_Q212;Украина;Q1108445;4;1.01.862;2;1.01.1132;;;;
Metastate_Q212;Украина;Q1322662;2;1.01.1024;2;1.01.1401;;;;
Metastate_Q212;Украина;Q4097563;4;1.01.1200;2;1.01.1401;;;;
Metastate_Q212;Украина;Q1261908;2;01.01.1054;4;01.01.1201;;;;
Metastate_Q212;Украина;Q1483430;2;01.01.1132;2;01.01.1471;;;;
Metastate_Q212;Украина;Q3403551;2;01.01.1141;2;01.01.1199;;;;
Metastate_Q212;Украина;Q239502;2;1.01.1199;2;1.01.1452;;;;
Metastate_Q212;Украина;Q457167;;18.10.1918;;18.07.1919;;;;
Metastate_Q212;Украина;Q34266;2;01.01.1764;;1.09.1917;;;;
Metastate_Q212;Украина;Q243610;;20.11.1917;2;01.01.1948;;;;
Metastate_Q212;Украина;Q950644;;15.03.1939;;18.03.1939;;;;
Metastate_Q212;Украина;Q4470663;;30.06.1941;;12.07.1941;;;;
Metastate_Q212;Украина;Q46315;;01.09.1941;;10.11.1944;;;;
Metastate_Q212;Украина;Q2381337;;12.12.1917;2;01.01.1918;;;;
Metastate_Q212;Украина;Q4470459;;19.03.1918;1;01.04.1918;;;;
Metastate_Q212;Украина;Q133356;;10.03.1919;;24.08.1991;;;;
Metastate_Q212;Украина;Q212;;24.08.1991;;по наст. время;;;;
Metastate_Q212;Украина;Q212439;2;01.01.1506;2;01.01.1660;;;;
Metastate_Q212;Украина;Q842604;2;01.01.1660;2;01.01.1704;;;;
Metastate_Q212;Украина;Q12166866;2;01.01.1668;2;01.01.1698;;;;
Metastate_Q212;Украина;Q1068981;2;01.01.1660;2;01.01.1708;;;;
Metastate_Q212;Украина;Q212439;2;01.01.1708;2;01.01.1764;;;;
Metastate_Q212;Украина;Q1508143;;29.04.1918;;14.12.1918;;;;
Metastate_Q212;Украина;Metastate_Q79965;2;1.01.1301;2;1.01.1362;;;;
Metastate_Q212;Украина;Q49683;3;01.01.1236;;25.11.1795;;;;
Metastate_Q212;Украина;Q172107;;01.07.1569;;24.10.1795;;;;
